Command line invocation:
    /Applications/Xcode.app/Contents/Developer/usr/bin/xcodebuild -project ALADDIN.xcodeproj -scheme ALADDIN -sdk iphonesimulator -destination "platform=iOS Simulator,name=iPhone 11 Pro Max" clean build

User defaults from command line:
    IDEPackageSupportUseBuiltinSCM = YES

Build settings from command line:
    SDKROOT = iphonesimulator15.2

objc[4580]: Class RemoteXPCPair is implemented in both /Library/Developer/PrivateFrameworks/Mercury.framework/Versions/A/Mercury (0x114da5708) and /Library/Apple/System/Library/PrivateFrameworks/Mercury.framework/Versions/A/Mercury (0x12946c0d0). One of the two will be used. Which one is undefined.
objc[4580]: Class RemoteXPCShim is implemented in both /Library/Developer/PrivateFrameworks/Mercury.framework/Versions/A/Mercury (0x114da5780) and /Library/Apple/System/Library/PrivateFrameworks/Mercury.framework/Versions/A/Mercury (0x12946c148). One of the two will be used. Which one is undefined.
objc[4580]: Class _TtC7Mercury11XPCEndpoint is implemented in both /Library/Developer/PrivateFrameworks/Mercury.framework/Versions/A/Mercury (0x114da5e58) and /Library/Apple/System/Library/PrivateFrameworks/Mercury.framework/Versions/A/Mercury (0x12946c448). One of the two will be used. Which one is undefined.
objc[4580]: Class _TtC7Mercury15XPCPeerEndpoint is implemented in both /Library/Developer/PrivateFrameworks/Mercury.framework/Versions/A/Mercury (0x114da5ef8) and /Library/Apple/System/Library/PrivateFrameworks/Mercury.framework/Versions/A/Mercury (0x12946c4f0). One of the two will be used. Which one is undefined.
objc[4580]: Class _TtC7Mercury19XPCListenerEndpoint is implemented in both /Library/Developer/PrivateFrameworks/Mercury.framework/Versions/A/Mercury (0x114da5f98) and /Library/Apple/System/Library/PrivateFrameworks/Mercury.framework/Versions/A/Mercury (0x12946c598). One of the two will be used. Which one is undefined.
objc[4580]: Class _TtC7Mercury16XPCObjectEncoder is implemented in both /Library/Developer/PrivateFrameworks/Mercury.framework/Versions/A/Mercury (0x114da60a8) and /Library/Apple/System/Library/PrivateFrameworks/Mercury.framework/Versions/A/Mercury (0x12946c6b8). One of the two will be used. Which one is undefined.
objc[4580]: Class _TtC7Mercury17_XPCObjectEncoder is implemented in both /Library/Developer/PrivateFrameworks/Mercury.framework/Versions/A/Mercury (0x114da6150) and /Library/Apple/System/Library/PrivateFrameworks/Mercury.framework/Versions/A/Mercury (0x12946c768). One of the two will be used. Which one is undefined.
objc[4580]: Class _TtC7Mercury16XPCObjectDecoder is implemented in both /Library/Developer/PrivateFrameworks/Mercury.framework/Versions/A/Mercury (0x114da6200) and /Library/Apple/System/Library/PrivateFrameworks/Mercury.framework/Versions/A/Mercury (0x12946c820). One of the two will be used. Which one is undefined.
objc[4580]: Class _TtC7Mercury17_XPCObjectDecoder is implemented in both /Library/Developer/PrivateFrameworks/Mercury.framework/Versions/A/Mercury (0x114da62a8) and /Library/Apple/System/Library/PrivateFrameworks/Mercury.framework/Versions/A/Mercury (0x12946c8d0). One of the two will be used. Which one is undefined.
objc[4580]: Class _TtC7Mercury14XPCSideChannel is implemented in both /Library/Developer/PrivateFrameworks/Mercury.framework/Versions/A/Mercury (0x114da65e8) and /Library/Apple/System/Library/PrivateFrameworks/Mercury.framework/Versions/A/Mercury (0x12946cc20). One of the two will be used. Which one is undefined.
objc[4580]: Class _TtC7Mercury19RemoteDeviceBrowser is implemented in both /Library/Developer/PrivateFrameworks/Mercury.framework/Versions/A/Mercury (0x114da6730) and /Library/Apple/System/Library/PrivateFrameworks/Mercury.framework/Versions/A/Mercury (0x12946cf68). One of the two will be used. Which one is undefined.
objc[4580]: Class _TtC7Mercury17XPCFileDescriptor is implemented in both /Library/Developer/PrivateFrameworks/Mercury.framework/Versions/A/Mercury (0x114da68b0) and /Library/Apple/System/Library/PrivateFrameworks/Mercury.framework/Versions/A/Mercury (0x12946d0d8). One of the two will be used. Which one is undefined.
objc[4580]: Class _TtC7Mercury12RemoteDevice is implemented in both /Library/Developer/PrivateFrameworks/Mercury.framework/Versions/A/Mercury (0x114da6b00) and /Library/Apple/System/Library/PrivateFrameworks/Mercury.framework/Versions/A/Mercury (0x12946d540). One of the two will be used. Which one is undefined.
objc[4580]: Class _TtC7Mercury13XPCConnection is implemented in both /Library/Developer/PrivateFrameworks/Mercury.framework/Versions/A/Mercury (0x114da6d20) and /Library/Apple/System/Library/PrivateFrameworks/Mercury.framework/Versions/A/Mercury (0x12946d7c0). One of the two will be used. Which one is undefined.
objc[4580]: Class _TtC7Mercury19RemoteXPCConnection is implemented in both /Library/Developer/PrivateFrameworks/Mercury.framework/Versions/A/Mercury (0x114da6ee8) and /Library/Apple/System/Library/PrivateFrameworks/Mercury.framework/Versions/A/Mercury (0x12946d9a8). One of the two will be used. Which one is undefined.
objc[4580]: Class _TtC7Mercury27RemoteXPCListenerConnection is implemented in both /Library/Developer/PrivateFrameworks/Mercury.framework/Versions/A/Mercury (0x114da7040) and /Library/Apple/System/Library/PrivateFrameworks/Mercury.framework/Versions/A/Mercury (0x12946db08). One of the two will be used. Which one is undefined.
objc[4580]: Class _TtC7Mercury23RemoteXPCPeerConnection is implemented in both /Library/Developer/PrivateFrameworks/Mercury.framework/Versions/A/Mercury (0x114da71e8) and /Library/Apple/System/Library/PrivateFrameworks/Mercury.framework/Versions/A/Mercury (0x12946dcb8). One of the two will be used. Which one is undefined.
objc[4580]: Class _TtC7Mercury19SystemXPCConnection is implemented in both /Library/Developer/PrivateFrameworks/Mercury.framework/Versions/A/Mercury (0x114da7a98) and /Library/Apple/System/Library/PrivateFrameworks/Mercury.framework/Versions/A/Mercury (0x12946e5f8). One of the two will be used. Which one is undefined.
objc[4580]: Class _TtC7Mercury27SystemXPCListenerConnection is implemented in both /Library/Developer/PrivateFrameworks/Mercury.framework/Versions/A/Mercury (0x114da7be0) and /Library/Apple/System/Library/PrivateFrameworks/Mercury.framework/Versions/A/Mercury (0x12946e750). One of the two will be used. Which one is undefined.
objc[4580]: Class _TtC7Mercury23SystemXPCPeerConnection is implemented in both /Library/Developer/PrivateFrameworks/Mercury.framework/Versions/A/Mercury (0x114da7d50) and /Library/Apple/System/Library/PrivateFrameworks/Mercury.framework/Versions/A/Mercury (0x12946e8d0). One of the two will be used. Which one is undefined.
objc[4580]: Class _TtC7Mercury15XPCFileTransfer is implemented in both /Library/Developer/PrivateFrameworks/Mercury.framework/Versions/A/Mercury (0x114da7fa8) and /Library/Apple/System/Library/PrivateFrameworks/Mercury.framework/Versions/A/Mercury (0x12946eb18). One of the two will be used. Which one is undefined.
objc[4580]: Class _TtC7MercuryP33_2B1830E49151A2D290BADAC81D16B73411_HandlerBox is implemented in both /Library/Developer/PrivateFrameworks/Mercury.framework/Versions/A/Mercury (0x114da5ae8) and /Library/Apple/System/Library/PrivateFrameworks/Mercury.framework/Versions/A/Mercury (0x12946c220). One of the two will be used. Which one is undefined.
note: Using new build system
note: Build preparation complete

** CLEAN SUCCEEDED **

note: Using new build system
note: Planning
Analyze workspace

Create build description
Build description signature: d677b9db4e03919c13fefd1ea621b6ad
Build description path: /Users/sergejhlystov/Library/Developer/Xcode/DerivedData/ALADDIN-eahryzmutvtbyceygnlyjsmiiaha/Build/Intermediates.noindex/XCBuildData/d677b9db4e03919c13fefd1ea621b6ad-desc.xcbuild

note: Build preparation complete
note: Building targets in dependency order
note: Swift build system integration enabled.
CreateBuildDirectory /Users/sergejhlystov/Library/Developer/Xcode/DerivedData/ALADDIN-eahryzmutvtbyceygnlyjsmiiaha/Build/Intermediates.noindex
    cd /Users/sergejhlystov/ALADDIN_NEW/ALADDIN_NEW/mobile_apps/ALADDIN_iOS/ALADDIN.xcodeproj
    builtin-create-build-directory /Users/sergejhlystov/Library/Developer/Xcode/DerivedData/ALADDIN-eahryzmutvtbyceygnlyjsmiiaha/Build/Intermediates.noindex

CreateBuildDirectory /Users/sergejhlystov/Library/Developer/Xcode/DerivedData/ALADDIN-eahryzmutvtbyceygnlyjsmiiaha/Build/Products
    cd /Users/sergejhlystov/ALADDIN_NEW/ALADDIN_NEW/mobile_apps/ALADDIN_iOS/ALADDIN.xcodeproj
    builtin-create-build-directory /Users/sergejhlystov/Library/Developer/Xcode/DerivedData/ALADDIN-eahryzmutvtbyceygnlyjsmiiaha/Build/Products

CreateBuildDirectory /Users/sergejhlystov/Library/Developer/Xcode/DerivedData/ALADDIN-eahryzmutvtbyceygnlyjsmiiaha/Build/Products/Debug-iphonesimulator
    cd /Users/sergejhlystov/ALADDIN_NEW/ALADDIN_NEW/mobile_apps/ALADDIN_iOS/ALADDIN.xcodeproj
    builtin-create-build-directory /Users/sergejhlystov/Library/Developer/Xcode/DerivedData/ALADDIN-eahryzmutvtbyceygnlyjsmiiaha/Build/Products/Debug-iphonesimulator

MkDir /Users/sergejhlystov/Library/Developer/Xcode/DerivedData/ALADDIN-eahryzmutvtbyceygnlyjsmiiaha/Build/Products/Debug-iphonesimulator/ALADDINContentBlocker.appex (in target 'ALADDINContentBlocker' from project 'ALADDIN')
    cd /Users/sergejhlystov/ALADDIN_NEW/ALADDIN_NEW/mobile_apps/ALADDIN_iOS
    /bin/mkdir -p /Users/sergejhlystov/Library/Developer/Xcode/DerivedData/ALADDIN-eahryzmutvtbyceygnlyjsmiiaha/Build/Products/Debug-iphonesimulator/ALADDINContentBlocker.appex

MkDir /Users/sergejhlystov/Library/Developer/Xcode/DerivedData/ALADDIN-eahryzmutvtbyceygnlyjsmiiaha/Build/Products/Debug-iphonesimulator/ALADDIN.app (in target 'ALADDIN' from project 'ALADDIN')
    cd /Users/sergejhlystov/ALADDIN_NEW/ALADDIN_NEW/mobile_apps/ALADDIN_iOS
    /bin/mkdir -p /Users/sergejhlystov/Library/Developer/Xcode/DerivedData/ALADDIN-eahryzmutvtbyceygnlyjsmiiaha/Build/Products/Debug-iphonesimulator/ALADDIN.app

MkDir /Users/sergejhlystov/Library/Developer/Xcode/DerivedData/ALADDIN-eahryzmutvtbyceygnlyjsmiiaha/Build/Products/Debug-iphonesimulator/ALADDIN.app/PlugIns (in target 'ALADDIN' from project 'ALADDIN')
    cd /Users/sergejhlystov/ALADDIN_NEW/ALADDIN_NEW/mobile_apps/ALADDIN_iOS
    /bin/mkdir -p /Users/sergejhlystov/Library/Developer/Xcode/DerivedData/ALADDIN-eahryzmutvtbyceygnlyjsmiiaha/Build/Products/Debug-iphonesimulator/ALADDIN.app/PlugIns

WriteAuxiliaryFile /Users/sergejhlystov/Library/Developer/Xcode/DerivedData/ALADDIN-eahryzmutvtbyceygnlyjsmiiaha/Build/Intermediates.noindex/ALADDIN.build/Debug-iphonesimulator/ALADDINContentBlocker.build/DerivedSources/Entitlements-Simulated.plist (in target 'ALADDINContentBlocker' from project 'ALADDIN')
    cd /Users/sergejhlystov/ALADDIN_NEW/ALADDIN_NEW/mobile_apps/ALADDIN_iOS
    write-file /Users/sergejhlystov/Library/Developer/Xcode/DerivedData/ALADDIN-eahryzmutvtbyceygnlyjsmiiaha/Build/Intermediates.noindex/ALADDIN.build/Debug-iphonesimulator/ALADDINContentBlocker.build/DerivedSources/Entitlements-Simulated.plist

WriteAuxiliaryFile /Users/sergejhlystov/Library/Developer/Xcode/DerivedData/ALADDIN-eahryzmutvtbyceygnlyjsmiiaha/Build/Intermediates.noindex/ALADDIN.build/Debug-iphonesimulator/ALADDINContentBlocker.build/DerivedSources/Entitlements.plist (in target 'ALADDINContentBlocker' from project 'ALADDIN')
    cd /Users/sergejhlystov/ALADDIN_NEW/ALADDIN_NEW/mobile_apps/ALADDIN_iOS
    write-file /Users/sergejhlystov/Library/Developer/Xcode/DerivedData/ALADDIN-eahryzmutvtbyceygnlyjsmiiaha/Build/Intermediates.noindex/ALADDIN.build/Debug-iphonesimulator/ALADDINContentBlocker.build/DerivedSources/Entitlements.plist

ProcessProductPackaging "" /Users/sergejhlystov/Library/Developer/Xcode/DerivedData/ALADDIN-eahryzmutvtbyceygnlyjsmiiaha/Build/Intermediates.noindex/ALADDIN.build/Debug-iphonesimulator/ALADDINContentBlocker.build/ALADDINContentBlocker.appex-Simulated.xcent (in target 'ALADDINContentBlocker' from project 'ALADDIN')
    cd /Users/sergejhlystov/ALADDIN_NEW/ALADDIN_NEW/mobile_apps/ALADDIN_iOS
    
    Entitlements:
    
    {
    "application-identifier" = "6CJVBBUGSN.family.aladdin.ios.ALADDINContentBlocker";
    "keychain-access-groups" =     (
        "6CJVBBUGSN.family.aladdin.ios.ALADDINContentBlocker"
    );
}
    
    builtin-productPackagingUtility -entitlements -format xml -o /Users/sergejhlystov/Library/Developer/Xcode/DerivedData/ALADDIN-eahryzmutvtbyceygnlyjsmiiaha/Build/Intermediates.noindex/ALADDIN.build/Debug-iphonesimulator/ALADDINContentBlocker.build/ALADDINContentBlocker.appex-Simulated.xcent

ProcessProductPackaging "" /Users/sergejhlystov/Library/Developer/Xcode/DerivedData/ALADDIN-eahryzmutvtbyceygnlyjsmiiaha/Build/Intermediates.noindex/ALADDIN.build/Debug-iphonesimulator/ALADDINContentBlocker.build/ALADDINContentBlocker.appex.xcent (in target 'ALADDINContentBlocker' from project 'ALADDIN')
    cd /Users/sergejhlystov/ALADDIN_NEW/ALADDIN_NEW/mobile_apps/ALADDIN_iOS
    
    Entitlements:
    
    {
    "com.apple.security.get-task-allow" = 1;
}
    
    builtin-productPackagingUtility -entitlements -format xml -o /Users/sergejhlystov/Library/Developer/Xcode/DerivedData/ALADDIN-eahryzmutvtbyceygnlyjsmiiaha/Build/Intermediates.noindex/ALADDIN.build/Debug-iphonesimulator/ALADDINContentBlocker.build/ALADDINContentBlocker.appex.xcent

WriteAuxiliaryFile /Users/sergejhlystov/Library/Developer/Xcode/DerivedData/ALADDIN-eahryzmutvtbyceygnlyjsmiiaha/Build/Intermediates.noindex/ALADDIN.build/Debug-iphonesimulator/ALADDINContentBlocker.build/all-product-headers.yaml (in target 'ALADDINContentBlocker' from project 'ALADDIN')
    cd /Users/sergejhlystov/ALADDIN_NEW/ALADDIN_NEW/mobile_apps/ALADDIN_iOS
    write-file /Users/sergejhlystov/Library/Developer/Xcode/DerivedData/ALADDIN-eahryzmutvtbyceygnlyjsmiiaha/Build/Intermediates.noindex/ALADDIN.build/Debug-iphonesimulator/ALADDINContentBlocker.build/all-product-headers.yaml

WriteAuxiliaryFile /Users/sergejhlystov/Library/Developer/Xcode/DerivedData/ALADDIN-eahryzmutvtbyceygnlyjsmiiaha/Build/Intermediates.noindex/ALADDIN.build/Debug-iphonesimulator/ALADDINContentBlocker.build/ALADDINContentBlocker.hmap (in target 'ALADDINContentBlocker' from project 'ALADDIN')
    cd /Users/sergejhlystov/ALADDIN_NEW/ALADDIN_NEW/mobile_apps/ALADDIN_iOS
    write-file /Users/sergejhlystov/Library/Developer/Xcode/DerivedData/ALADDIN-eahryzmutvtbyceygnlyjsmiiaha/Build/Intermediates.noindex/ALADDIN.build/Debug-iphonesimulator/ALADDINContentBlocker.build/ALADDINContentBlocker.hmap

WriteAuxiliaryFile /Users/sergejhlystov/Library/Developer/Xcode/DerivedData/ALADDIN-eahryzmutvtbyceygnlyjsmiiaha/Build/Intermediates.noindex/ALADDIN.build/Debug-iphonesimulator/ALADDINContentBlocker.build/ALADDINContentBlocker-own-target-headers.hmap (in target 'ALADDINContentBlocker' from project 'ALADDIN')
    cd /Users/sergejhlystov/ALADDIN_NEW/ALADDIN_NEW/mobile_apps/ALADDIN_iOS
    write-file /Users/sergejhlystov/Library/Developer/Xcode/DerivedData/ALADDIN-eahryzmutvtbyceygnlyjsmiiaha/Build/Intermediates.noindex/ALADDIN.build/Debug-iphonesimulator/ALADDINContentBlocker.build/ALADDINContentBlocker-own-target-headers.hmap

WriteAuxiliaryFile /Users/sergejhlystov/Library/Developer/Xcode/DerivedData/ALADDIN-eahryzmutvtbyceygnlyjsmiiaha/Build/Intermediates.noindex/ALADDIN.build/Debug-iphonesimulator/ALADDINContentBlocker.build/ALADDINContentBlocker-project-headers.hmap (in target 'ALADDINContentBlocker' from project 'ALADDIN')
    cd /Users/sergejhlystov/ALADDIN_NEW/ALADDIN_NEW/mobile_apps/ALADDIN_iOS
    write-file /Users/sergejhlystov/Library/Developer/Xcode/DerivedData/ALADDIN-eahryzmutvtbyceygnlyjsmiiaha/Build/Intermediates.noindex/ALADDIN.build/Debug-iphonesimulator/ALADDINContentBlocker.build/ALADDINContentBlocker-project-headers.hmap

WriteAuxiliaryFile /Users/sergejhlystov/Library/Developer/Xcode/DerivedData/ALADDIN-eahryzmutvtbyceygnlyjsmiiaha/Build/Intermediates.noindex/ALADDIN.build/Debug-iphonesimulator/ALADDINContentBlocker.build/ALADDINContentBlocker-all-target-headers.hmap (in target 'ALADDINContentBlocker' from project 'ALADDIN')
    cd /Users/sergejhlystov/ALADDIN_NEW/ALADDIN_NEW/mobile_apps/ALADDIN_iOS
    write-file /Users/sergejhlystov/Library/Developer/Xcode/DerivedData/ALADDIN-eahryzmutvtbyceygnlyjsmiiaha/Build/Intermediates.noindex/ALADDIN.build/Debug-iphonesimulator/ALADDINContentBlocker.build/ALADDINContentBlocker-all-target-headers.hmap

WriteAuxiliaryFile /Users/sergejhlystov/Library/Developer/Xcode/DerivedData/ALADDIN-eahryzmutvtbyceygnlyjsmiiaha/Build/Intermediates.noindex/ALADDIN.build/Debug-iphonesimulator/ALADDINContentBlocker.build/ALADDINContentBlocker-all-non-framework-target-headers.hmap (in target 'ALADDINContentBlocker' from project 'ALADDIN')
    cd /Users/sergejhlystov/ALADDIN_NEW/ALADDIN_NEW/mobile_apps/ALADDIN_iOS
    write-file /Users/sergejhlystov/Library/Developer/Xcode/DerivedData/ALADDIN-eahryzmutvtbyceygnlyjsmiiaha/Build/Intermediates.noindex/ALADDIN.build/Debug-iphonesimulator/ALADDINContentBlocker.build/ALADDINContentBlocker-all-non-framework-target-headers.hmap

WriteAuxiliaryFile /Users/sergejhlystov/Library/Developer/Xcode/DerivedData/ALADDIN-eahryzmutvtbyceygnlyjsmiiaha/Build/Intermediates.noindex/ALADDIN.build/Debug-iphonesimulator/ALADDINContentBlocker.build/ALADDINContentBlocker-generated-files.hmap (in target 'ALADDINContentBlocker' from project 'ALADDIN')
    cd /Users/sergejhlystov/ALADDIN_NEW/ALADDIN_NEW/mobile_apps/ALADDIN_iOS
    write-file /Users/sergejhlystov/Library/Developer/Xcode/DerivedData/ALADDIN-eahryzmutvtbyceygnlyjsmiiaha/Build/Intermediates.noindex/ALADDIN.build/Debug-iphonesimulator/ALADDINContentBlocker.build/ALADDINContentBlocker-generated-files.hmap

ProcessInfoPlistFile /Users/sergejhlystov/Library/Developer/Xcode/DerivedData/ALADDIN-eahryzmutvtbyceygnlyjsmiiaha/Build/Products/Debug-iphonesimulator/ALADDINContentBlocker.appex/Info.plist /Users/sergejhlystov/ALADDIN_NEW/ALADDIN_NEW/mobile_apps/ALADDIN_iOS/ALADDINContentBlocker/Info.plist (in target 'ALADDINContentBlocker' from project 'ALADDIN')
    cd /Users/sergejhlystov/ALADDIN_NEW/ALADDIN_NEW/mobile_apps/ALADDIN_iOS
    builtin-infoPlistUtility /Users/sergejhlystov/ALADDIN_NEW/ALADDIN_NEW/mobile_apps/ALADDIN_iOS/ALADDINContentBlocker/Info.plist -producttype com.apple.product-type.app-extension -expandbuildsettings -format binary -platform iphonesimulator -o /Users/sergejhlystov/Library/Developer/Xcode/DerivedData/ALADDIN-eahryzmutvtbyceygnlyjsmiiaha/Build/Products/Debug-iphonesimulator/ALADDINContentBlocker.appex/Info.plist

WriteAuxiliaryFile /Users/sergejhlystov/Library/Developer/Xcode/DerivedData/ALADDIN-eahryzmutvtbyceygnlyjsmiiaha/Build/Intermediates.noindex/ALADDIN.build/Debug-iphonesimulator/ALADDINContentBlocker.build/Objects-normal/x86_64/ALADDINContentBlocker.SwiftFileList (in target 'ALADDINContentBlocker' from project 'ALADDIN')
    cd /Users/sergejhlystov/ALADDIN_NEW/ALADDIN_NEW/mobile_apps/ALADDIN_iOS
    write-file /Users/sergejhlystov/Library/Developer/Xcode/DerivedData/ALADDIN-eahryzmutvtbyceygnlyjsmiiaha/Build/Intermediates.noindex/ALADDIN.build/Debug-iphonesimulator/ALADDINContentBlocker.build/Objects-normal/x86_64/ALADDINContentBlocker.SwiftFileList

WriteAuxiliaryFile /Users/sergejhlystov/Library/Developer/Xcode/DerivedData/ALADDIN-eahryzmutvtbyceygnlyjsmiiaha/Build/Intermediates.noindex/ALADDIN.build/Debug-iphonesimulator/ALADDINContentBlocker.build/Objects-normal/x86_64/ALADDINContentBlocker.LinkFileList (in target 'ALADDINContentBlocker' from project 'ALADDIN')
    cd /Users/sergejhlystov/ALADDIN_NEW/ALADDIN_NEW/mobile_apps/ALADDIN_iOS
    write-file /Users/sergejhlystov/Library/Developer/Xcode/DerivedData/ALADDIN-eahryzmutvtbyceygnlyjsmiiaha/Build/Intermediates.noindex/ALADDIN.build/Debug-iphonesimulator/ALADDINContentBlocker.build/Objects-normal/x86_64/ALADDINContentBlocker.LinkFileList

WriteAuxiliaryFile /Users/sergejhlystov/Library/Developer/Xcode/DerivedData/ALADDIN-eahryzmutvtbyceygnlyjsmiiaha/Build/Intermediates.noindex/ALADDIN.build/Debug-iphonesimulator/ALADDINContentBlocker.build/Objects-normal/x86_64/ALADDINContentBlocker-OutputFileMap.json (in target 'ALADDINContentBlocker' from project 'ALADDIN')
    cd /Users/sergejhlystov/ALADDIN_NEW/ALADDIN_NEW/mobile_apps/ALADDIN_iOS
    write-file /Users/sergejhlystov/Library/Developer/Xcode/DerivedData/ALADDIN-eahryzmutvtbyceygnlyjsmiiaha/Build/Intermediates.noindex/ALADDIN.build/Debug-iphonesimulator/ALADDINContentBlocker.build/Objects-normal/x86_64/ALADDINContentBlocker-OutputFileMap.json

SwiftDriver ALADDINContentBlocker normal x86_64 com.apple.xcode.tools.swift.compiler (in target 'ALADDINContentBlocker' from project 'ALADDIN')
    cd /Users/sergejhlystov/ALADDIN_NEW/ALADDIN_NEW/mobile_apps/ALADDIN_iOS
    export DEVELOPER_DIR\=/Applications/Xcode.app/Contents/Developer
    export SDKROOT\=/Applications/Xcode.app/Contents/Developer/Platforms/iPhoneSimulator.platform/Developer/SDKs/iPhoneSimulator15.2.sdk
    builtin-SwiftDriver -o /Users/sergejhlystov/Library/Developer/Xcode/DerivedData/ALADDIN-eahryzmutvtbyceygnlyjsmiiaha/Build/Intermediates.noindex/ALADDIN.build/Debug-iphonesimulator/ALADDINContentBlocker.build/Objects-normal/x86_64/ALADDINContentBlocker\ Swift\ Driver\ Planning\ Finished -- /Applications/Xcode.app/Contents/Developer/Toolchains/XcodeDefault.xctoolchain/usr/bin/swiftc -incremental -module-name ALADDINContentBlocker -Onone -enable-batch-mode -enforce-exclusivity\=checked @/Users/sergejhlystov/Library/Developer/Xcode/DerivedData/ALADDIN-eahryzmutvtbyceygnlyjsmiiaha/Build/Intermediates.noindex/ALADDIN.build/Debug-iphonesimulator/ALADDINContentBlocker.build/Objects-normal/x86_64/ALADDINContentBlocker.SwiftFileList -DDEBUG -sdk /Applications/Xcode.app/Contents/Developer/Platforms/iPhoneSimulator.platform/Developer/SDKs/iPhoneSimulator15.2.sdk -target x86_64-apple-ios15.2-simulator -g -module-cache-path /Users/sergejhlystov/Library/Developer/Xcode/DerivedData/ModuleCache.noindex -Xfrontend -serialize-debugging-options -application-extension -enable-testing -index-store-path /Users/sergejhlystov/Library/Developer/Xcode/DerivedData/ALADDIN-eahryzmutvtbyceygnlyjsmiiaha/Index/DataStore -swift-version 5 -I /Users/sergejhlystov/Library/Developer/Xcode/DerivedData/ALADDIN-eahryzmutvtbyceygnlyjsmiiaha/Build/Products/Debug-iphonesimulator -F /Users/sergejhlystov/Library/Developer/Xcode/DerivedData/ALADDIN-eahryzmutvtbyceygnlyjsmiiaha/Build/Products/Debug-iphonesimulator -parse-as-library -emit-localized-strings -emit-localized-strings-path /Users/sergejhlystov/Library/Developer/Xcode/DerivedData/ALADDIN-eahryzmutvtbyceygnlyjsmiiaha/Build/Intermediates.noindex/ALADDIN.build/Debug-iphonesimulator/ALADDINContentBlocker.build/Objects-normal/x86_64 -c -j8 -output-file-map /Users/sergejhlystov/Library/Developer/Xcode/DerivedData/ALADDIN-eahryzmutvtbyceygnlyjsmiiaha/Build/Intermediates.noindex/ALADDIN.build/Debug-iphonesimulator/ALADDINContentBlocker.build/Objects-normal/x86_64/ALADDINContentBlocker-OutputFileMap.json -save-temps -no-color-diagnostics -serialize-diagnostics -emit-dependencies -emit-module -emit-module-path /Users/sergejhlystov/Library/Developer/Xcode/DerivedData/ALADDIN-eahryzmutvtbyceygnlyjsmiiaha/Build/Intermediates.noindex/ALADDIN.build/Debug-iphonesimulator/ALADDINContentBlocker.build/Objects-normal/x86_64/ALADDINContentBlocker.swiftmodule -Xcc -I/Users/sergejhlystov/Library/Developer/Xcode/DerivedData/ALADDIN-eahryzmutvtbyceygnlyjsmiiaha/Build/Intermediates.noindex/ALADDIN.build/Debug-iphonesimulator/ALADDINContentBlocker.build/swift-overrides.hmap -Xcc -iquote -Xcc /Users/sergejhlystov/Library/Developer/Xcode/DerivedData/ALADDIN-eahryzmutvtbyceygnlyjsmiiaha/Build/Intermediates.noindex/ALADDIN.build/Debug-iphonesimulator/ALADDINContentBlocker.build/ALADDINContentBlocker-generated-files.hmap -Xcc -I/Users/sergejhlystov/Library/Developer/Xcode/DerivedData/ALADDIN-eahryzmutvtbyceygnlyjsmiiaha/Build/Intermediates.noindex/ALADDIN.build/Debug-iphonesimulator/ALADDINContentBlocker.build/ALADDINContentBlocker-own-target-headers.hmap -Xcc -I/Users/sergejhlystov/Library/Developer/Xcode/DerivedData/ALADDIN-eahryzmutvtbyceygnlyjsmiiaha/Build/Intermediates.noindex/ALADDIN.build/Debug-iphonesimulator/ALADDINContentBlocker.build/ALADDINContentBlocker-all-target-headers.hmap -Xcc -iquote -Xcc /Users/sergejhlystov/Library/Developer/Xcode/DerivedData/ALADDIN-eahryzmutvtbyceygnlyjsmiiaha/Build/Intermediates.noindex/ALADDIN.build/Debug-iphonesimulator/ALADDINContentBlocker.build/ALADDINContentBlocker-project-headers.hmap -Xcc -I/Users/sergejhlystov/Library/Developer/Xcode/DerivedData/ALADDIN-eahryzmutvtbyceygnlyjsmiiaha/Build/Products/Debug-iphonesimulator/include -Xcc -I/Users/sergejhlystov/Library/Developer/Xcode/DerivedData/ALADDIN-eahryzmutvtbyceygnlyjsmiiaha/Build/Intermediates.noindex/ALADDIN.build/Debug-iphonesimulator/ALADDINContentBlocker.build/DerivedSources-normal/x86_64 -Xcc -I/Users/sergejhlystov/Library/Developer/Xcode/DerivedData/ALADDIN-eahryzmutvtbyceygnlyjsmiiaha/Build/Intermediates.noindex/ALADDIN.build/Debug-iphonesimulator/ALADDINContentBlocker.build/DerivedSources/x86_64 -Xcc -I/Users/sergejhlystov/Library/Developer/Xcode/DerivedData/ALADDIN-eahryzmutvtbyceygnlyjsmiiaha/Build/Intermediates.noindex/ALADDIN.build/Debug-iphonesimulator/ALADDINContentBlocker.build/DerivedSources -Xcc -DDEBUG\=1 -emit-objc-header -emit-objc-header-path /Users/sergejhlystov/Library/Developer/Xcode/DerivedData/ALADDIN-eahryzmutvtbyceygnlyjsmiiaha/Build/Intermediates.noindex/ALADDIN.build/Debug-iphonesimulator/ALADDINContentBlocker.build/Objects-normal/x86_64/ALADDINContentBlocker-Swift.h -working-directory /Users/sergejhlystov/ALADDIN_NEW/ALADDIN_NEW/mobile_apps/ALADDIN_iOS -experimental-emit-module-separately

SwiftDriverJob-Emit-Module normal x86_64 Emitting\ module\ for\ ALADDINContentBlocker (in target 'ALADDINContentBlocker' from project 'ALADDIN')
    cd /Users/sergejhlystov/ALADDIN_NEW/ALADDIN_NEW/mobile_apps/ALADDIN_iOS
    export DEVELOPER_DIR\=/Applications/Xcode.app/Contents/Developer
    export SDKROOT\=/Applications/Xcode.app/Contents/Developer/Platforms/iPhoneSimulator.platform/Developer/SDKs/iPhoneSimulator15.2.sdk
    builtin-swiftDriverJobExecution -- /Applications/Xcode.app/Contents/Developer/Toolchains/XcodeDefault.xctoolchain/usr/bin/swift-frontend -frontend -emit-module -experimental-skip-non-inlinable-function-bodies-without-types /Users/sergejhlystov/ALADDIN_NEW/ALADDIN_NEW/mobile_apps/ALADDIN_iOS/ALADDINContentBlocker/ActionRequestHandler.swift -target x86_64-apple-ios15.2-simulator -enable-objc-interop -sdk /Applications/Xcode.app/Contents/Developer/Platforms/iPhoneSimulator.platform/Developer/SDKs/iPhoneSimulator15.2.sdk -I /Users/sergejhlystov/Library/Developer/Xcode/DerivedData/ALADDIN-eahryzmutvtbyceygnlyjsmiiaha/Build/Products/Debug-iphonesimulator -F /Users/sergejhlystov/Library/Developer/Xcode/DerivedData/ALADDIN-eahryzmutvtbyceygnlyjsmiiaha/Build/Products/Debug-iphonesimulator -no-color-diagnostics -application-extension -enable-testing -g -module-cache-path /Users/sergejhlystov/Library/Developer/Xcode/DerivedData/ModuleCache.noindex -emit-localized-strings -emit-localized-strings-path /Users/sergejhlystov/Library/Developer/Xcode/DerivedData/ALADDIN-eahryzmutvtbyceygnlyjsmiiaha/Build/Intermediates.noindex/ALADDIN.build/Debug-iphonesimulator/ALADDINContentBlocker.build/Objects-normal/x86_64 -swift-version 5 -enforce-exclusivity\=checked -Onone -D DEBUG -serialize-debugging-options -Xcc -working-directory -Xcc /Users/sergejhlystov/ALADDIN_NEW/ALADDIN_NEW/mobile_apps/ALADDIN_iOS -resource-dir /Applications/Xcode.app/Contents/Developer/Toolchains/XcodeDefault.xctoolchain/usr/lib/swift -enable-anonymous-context-mangled-names -Xcc -I/Users/sergejhlystov/Library/Developer/Xcode/DerivedData/ALADDIN-eahryzmutvtbyceygnlyjsmiiaha/Build/Intermediates.noindex/ALADDIN.build/Debug-iphonesimulator/ALADDINContentBlocker.build/swift-overrides.hmap -Xcc -iquote -Xcc /Users/sergejhlystov/Library/Developer/Xcode/DerivedData/ALADDIN-eahryzmutvtbyceygnlyjsmiiaha/Build/Intermediates.noindex/ALADDIN.build/Debug-iphonesimulator/ALADDINContentBlocker.build/ALADDINContentBlocker-generated-files.hmap -Xcc -I/Users/sergejhlystov/Library/Developer/Xcode/DerivedData/ALADDIN-eahryzmutvtbyceygnlyjsmiiaha/Build/Intermediates.noindex/ALADDIN.build/Debug-iphonesimulator/ALADDINContentBlocker.build/ALADDINContentBlocker-own-target-headers.hmap -Xcc -I/Users/sergejhlystov/Library/Developer/Xcode/DerivedData/ALADDIN-eahryzmutvtbyceygnlyjsmiiaha/Build/Intermediates.noindex/ALADDIN.build/Debug-iphonesimulator/ALADDINContentBlocker.build/ALADDINContentBlocker-all-target-headers.hmap -Xcc -iquote -Xcc /Users/sergejhlystov/Library/Developer/Xcode/DerivedData/ALADDIN-eahryzmutvtbyceygnlyjsmiiaha/Build/Intermediates.noindex/ALADDIN.build/Debug-iphonesimulator/ALADDINContentBlocker.build/ALADDINContentBlocker-project-headers.hmap -Xcc -I/Users/sergejhlystov/Library/Developer/Xcode/DerivedData/ALADDIN-eahryzmutvtbyceygnlyjsmiiaha/Build/Products/Debug-iphonesimulator/include -Xcc -I/Users/sergejhlystov/Library/Developer/Xcode/DerivedData/ALADDIN-eahryzmutvtbyceygnlyjsmiiaha/Build/Intermediates.noindex/ALADDIN.build/Debug-iphonesimulator/ALADDINContentBlocker.build/DerivedSources-normal/x86_64 -Xcc -I/Users/sergejhlystov/Library/Developer/Xcode/DerivedData/ALADDIN-eahryzmutvtbyceygnlyjsmiiaha/Build/Intermediates.noindex/ALADDIN.build/Debug-iphonesimulator/ALADDINContentBlocker.build/DerivedSources/x86_64 -Xcc -I/Users/sergejhlystov/Library/Developer/Xcode/DerivedData/ALADDIN-eahryzmutvtbyceygnlyjsmiiaha/Build/Intermediates.noindex/ALADDIN.build/Debug-iphonesimulator/ALADDINContentBlocker.build/DerivedSources -Xcc -DDEBUG\=1 -module-name ALADDINContentBlocker -target-sdk-version 15.2.0 -emit-module-doc-path /Users/sergejhlystov/Library/Developer/Xcode/DerivedData/ALADDIN-eahryzmutvtbyceygnlyjsmiiaha/Build/Intermediates.noindex/ALADDIN.build/Debug-iphonesimulator/ALADDINContentBlocker.build/Objects-normal/x86_64/ALADDINContentBlocker.swiftdoc -emit-module-source-info-path /Users/sergejhlystov/Library/Developer/Xcode/DerivedData/ALADDIN-eahryzmutvtbyceygnlyjsmiiaha/Build/Intermediates.noindex/ALADDIN.build/Debug-iphonesimulator/ALADDINContentBlocker.build/Objects-normal/x86_64/ALADDINContentBlocker.swiftsourceinfo -emit-objc-header-path /Users/sergejhlystov/Library/Developer/Xcode/DerivedData/ALADDIN-eahryzmutvtbyceygnlyjsmiiaha/Build/Intermediates.noindex/ALADDIN.build/Debug-iphonesimulator/ALADDINContentBlocker.build/Objects-normal/x86_64/ALADDINContentBlocker-Swift.h -parse-as-library -o /Users/sergejhlystov/Library/Developer/Xcode/DerivedData/ALADDIN-eahryzmutvtbyceygnlyjsmiiaha/Build/Intermediates.noindex/ALADDIN.build/Debug-iphonesimulator/ALADDINContentBlocker.build/Objects-normal/x86_64/ALADDINContentBlocker.swiftmodule -emit-abi-descriptor-path /Users/sergejhlystov/Library/Developer/Xcode/DerivedData/ALADDIN-eahryzmutvtbyceygnlyjsmiiaha/Build/Intermediates.noindex/ALADDIN.build/Debug-iphonesimulator/ALADDINContentBlocker.build/Objects-normal/x86_64/ALADDINContentBlocker.abi.json

SwiftDriver\ Compilation\ Requirements ALADDINContentBlocker normal x86_64 com.apple.xcode.tools.swift.compiler (in target 'ALADDINContentBlocker' from project 'ALADDIN')
    cd /Users/sergejhlystov/ALADDIN_NEW/ALADDIN_NEW/mobile_apps/ALADDIN_iOS
    export DEVELOPER_DIR\=/Applications/Xcode.app/Contents/Developer
    export SDKROOT\=/Applications/Xcode.app/Contents/Developer/Platforms/iPhoneSimulator.platform/Developer/SDKs/iPhoneSimulator15.2.sdk
    builtin-Swift-Compilation-Requirements -- /Applications/Xcode.app/Contents/Developer/Toolchains/XcodeDefault.xctoolchain/usr/bin/swiftc -incremental -module-name ALADDINContentBlocker -Onone -enable-batch-mode -enforce-exclusivity\=checked @/Users/sergejhlystov/Library/Developer/Xcode/DerivedData/ALADDIN-eahryzmutvtbyceygnlyjsmiiaha/Build/Intermediates.noindex/ALADDIN.build/Debug-iphonesimulator/ALADDINContentBlocker.build/Objects-normal/x86_64/ALADDINContentBlocker.SwiftFileList -DDEBUG -sdk /Applications/Xcode.app/Contents/Developer/Platforms/iPhoneSimulator.platform/Developer/SDKs/iPhoneSimulator15.2.sdk -target x86_64-apple-ios15.2-simulator -g -module-cache-path /Users/sergejhlystov/Library/Developer/Xcode/DerivedData/ModuleCache.noindex -Xfrontend -serialize-debugging-options -application-extension -enable-testing -index-store-path /Users/sergejhlystov/Library/Developer/Xcode/DerivedData/ALADDIN-eahryzmutvtbyceygnlyjsmiiaha/Index/DataStore -swift-version 5 -I /Users/sergejhlystov/Library/Developer/Xcode/DerivedData/ALADDIN-eahryzmutvtbyceygnlyjsmiiaha/Build/Products/Debug-iphonesimulator -F /Users/sergejhlystov/Library/Developer/Xcode/DerivedData/ALADDIN-eahryzmutvtbyceygnlyjsmiiaha/Build/Products/Debug-iphonesimulator -parse-as-library -emit-localized-strings -emit-localized-strings-path /Users/sergejhlystov/Library/Developer/Xcode/DerivedData/ALADDIN-eahryzmutvtbyceygnlyjsmiiaha/Build/Intermediates.noindex/ALADDIN.build/Debug-iphonesimulator/ALADDINContentBlocker.build/Objects-normal/x86_64 -c -j8 -output-file-map /Users/sergejhlystov/Library/Developer/Xcode/DerivedData/ALADDIN-eahryzmutvtbyceygnlyjsmiiaha/Build/Intermediates.noindex/ALADDIN.build/Debug-iphonesimulator/ALADDINContentBlocker.build/Objects-normal/x86_64/ALADDINContentBlocker-OutputFileMap.json -save-temps -no-color-diagnostics -serialize-diagnostics -emit-dependencies -emit-module -emit-module-path /Users/sergejhlystov/Library/Developer/Xcode/DerivedData/ALADDIN-eahryzmutvtbyceygnlyjsmiiaha/Build/Intermediates.noindex/ALADDIN.build/Debug-iphonesimulator/ALADDINContentBlocker.build/Objects-normal/x86_64/ALADDINContentBlocker.swiftmodule -Xcc -I/Users/sergejhlystov/Library/Developer/Xcode/DerivedData/ALADDIN-eahryzmutvtbyceygnlyjsmiiaha/Build/Intermediates.noindex/ALADDIN.build/Debug-iphonesimulator/ALADDINContentBlocker.build/swift-overrides.hmap -Xcc -iquote -Xcc /Users/sergejhlystov/Library/Developer/Xcode/DerivedData/ALADDIN-eahryzmutvtbyceygnlyjsmiiaha/Build/Intermediates.noindex/ALADDIN.build/Debug-iphonesimulator/ALADDINContentBlocker.build/ALADDINContentBlocker-generated-files.hmap -Xcc -I/Users/sergejhlystov/Library/Developer/Xcode/DerivedData/ALADDIN-eahryzmutvtbyceygnlyjsmiiaha/Build/Intermediates.noindex/ALADDIN.build/Debug-iphonesimulator/ALADDINContentBlocker.build/ALADDINContentBlocker-own-target-headers.hmap -Xcc -I/Users/sergejhlystov/Library/Developer/Xcode/DerivedData/ALADDIN-eahryzmutvtbyceygnlyjsmiiaha/Build/Intermediates.noindex/ALADDIN.build/Debug-iphonesimulator/ALADDINContentBlocker.build/ALADDINContentBlocker-all-target-headers.hmap -Xcc -iquote -Xcc /Users/sergejhlystov/Library/Developer/Xcode/DerivedData/ALADDIN-eahryzmutvtbyceygnlyjsmiiaha/Build/Intermediates.noindex/ALADDIN.build/Debug-iphonesimulator/ALADDINContentBlocker.build/ALADDINContentBlocker-project-headers.hmap -Xcc -I/Users/sergejhlystov/Library/Developer/Xcode/DerivedData/ALADDIN-eahryzmutvtbyceygnlyjsmiiaha/Build/Products/Debug-iphonesimulator/include -Xcc -I/Users/sergejhlystov/Library/Developer/Xcode/DerivedData/ALADDIN-eahryzmutvtbyceygnlyjsmiiaha/Build/Intermediates.noindex/ALADDIN.build/Debug-iphonesimulator/ALADDINContentBlocker.build/DerivedSources-normal/x86_64 -Xcc -I/Users/sergejhlystov/Library/Developer/Xcode/DerivedData/ALADDIN-eahryzmutvtbyceygnlyjsmiiaha/Build/Intermediates.noindex/ALADDIN.build/Debug-iphonesimulator/ALADDINContentBlocker.build/DerivedSources/x86_64 -Xcc -I/Users/sergejhlystov/Library/Developer/Xcode/DerivedData/ALADDIN-eahryzmutvtbyceygnlyjsmiiaha/Build/Intermediates.noindex/ALADDIN.build/Debug-iphonesimulator/ALADDINContentBlocker.build/DerivedSources -Xcc -DDEBUG\=1 -emit-objc-header -emit-objc-header-path /Users/sergejhlystov/Library/Developer/Xcode/DerivedData/ALADDIN-eahryzmutvtbyceygnlyjsmiiaha/Build/Intermediates.noindex/ALADDIN.build/Debug-iphonesimulator/ALADDINContentBlocker.build/Objects-normal/x86_64/ALADDINContentBlocker-Swift.h -working-directory /Users/sergejhlystov/ALADDIN_NEW/ALADDIN_NEW/mobile_apps/ALADDIN_iOS -experimental-emit-module-separately

PBXCp /Users/sergejhlystov/Library/Developer/Xcode/DerivedData/ALADDIN-eahryzmutvtbyceygnlyjsmiiaha/Build/Intermediates.noindex/ALADDIN.build/Debug-iphonesimulator/ALADDINContentBlocker.build/Objects-normal/x86_64/ALADDINContentBlocker.swiftdoc /Users/sergejhlystov/Library/Developer/Xcode/DerivedData/ALADDIN-eahryzmutvtbyceygnlyjsmiiaha/Build/Products/Debug-iphonesimulator/ALADDINContentBlocker.swiftmodule/x86_64.swiftdoc (in target 'ALADDINContentBlocker' from project 'ALADDIN')
    cd /Users/sergejhlystov/ALADDIN_NEW/ALADDIN_NEW/mobile_apps/ALADDIN_iOS
    builtin-copy -exclude .DS_Store -exclude CVS -exclude .svn -exclude .git -exclude .hg -resolve-src-symlinks -rename /Users/sergejhlystov/Library/Developer/Xcode/DerivedData/ALADDIN-eahryzmutvtbyceygnlyjsmiiaha/Build/Intermediates.noindex/ALADDIN.build/Debug-iphonesimulator/ALADDINContentBlocker.build/Objects-normal/x86_64/ALADDINContentBlocker.swiftdoc /Users/sergejhlystov/Library/Developer/Xcode/DerivedData/ALADDIN-eahryzmutvtbyceygnlyjsmiiaha/Build/Products/Debug-iphonesimulator/ALADDINContentBlocker.swiftmodule/x86_64.swiftdoc

PBXCp /Users/sergejhlystov/Library/Developer/Xcode/DerivedData/ALADDIN-eahryzmutvtbyceygnlyjsmiiaha/Build/Intermediates.noindex/ALADDIN.build/Debug-iphonesimulator/ALADDINContentBlocker.build/Objects-normal/x86_64/ALADDINContentBlocker.swiftdoc /Users/sergejhlystov/Library/Developer/Xcode/DerivedData/ALADDIN-eahryzmutvtbyceygnlyjsmiiaha/Build/Products/Debug-iphonesimulator/ALADDINContentBlocker.swiftmodule/x86_64-apple-ios-simulator.swiftdoc (in target 'ALADDINContentBlocker' from project 'ALADDIN')
    cd /Users/sergejhlystov/ALADDIN_NEW/ALADDIN_NEW/mobile_apps/ALADDIN_iOS
    builtin-copy -exclude .DS_Store -exclude CVS -exclude .svn -exclude .git -exclude .hg -resolve-src-symlinks -rename /Users/sergejhlystov/Library/Developer/Xcode/DerivedData/ALADDIN-eahryzmutvtbyceygnlyjsmiiaha/Build/Intermediates.noindex/ALADDIN.build/Debug-iphonesimulator/ALADDINContentBlocker.build/Objects-normal/x86_64/ALADDINContentBlocker.swiftdoc /Users/sergejhlystov/Library/Developer/Xcode/DerivedData/ALADDIN-eahryzmutvtbyceygnlyjsmiiaha/Build/Products/Debug-iphonesimulator/ALADDINContentBlocker.swiftmodule/x86_64-apple-ios-simulator.swiftdoc

PBXCp /Users/sergejhlystov/Library/Developer/Xcode/DerivedData/ALADDIN-eahryzmutvtbyceygnlyjsmiiaha/Build/Intermediates.noindex/ALADDIN.build/Debug-iphonesimulator/ALADDINContentBlocker.build/Objects-normal/x86_64/ALADDINContentBlocker.swiftmodule /Users/sergejhlystov/Library/Developer/Xcode/DerivedData/ALADDIN-eahryzmutvtbyceygnlyjsmiiaha/Build/Products/Debug-iphonesimulator/ALADDINContentBlocker.swiftmodule/x86_64-apple-ios-simulator.swiftmodule (in target 'ALADDINContentBlocker' from project 'ALADDIN')
    cd /Users/sergejhlystov/ALADDIN_NEW/ALADDIN_NEW/mobile_apps/ALADDIN_iOS
    builtin-copy -exclude .DS_Store -exclude CVS -exclude .svn -exclude .git -exclude .hg -resolve-src-symlinks -rename /Users/sergejhlystov/Library/Developer/Xcode/DerivedData/ALADDIN-eahryzmutvtbyceygnlyjsmiiaha/Build/Intermediates.noindex/ALADDIN.build/Debug-iphonesimulator/ALADDINContentBlocker.build/Objects-normal/x86_64/ALADDINContentBlocker.swiftmodule /Users/sergejhlystov/Library/Developer/Xcode/DerivedData/ALADDIN-eahryzmutvtbyceygnlyjsmiiaha/Build/Products/Debug-iphonesimulator/ALADDINContentBlocker.swiftmodule/x86_64-apple-ios-simulator.swiftmodule

PBXCp /Users/sergejhlystov/Library/Developer/Xcode/DerivedData/ALADDIN-eahryzmutvtbyceygnlyjsmiiaha/Build/Intermediates.noindex/ALADDIN.build/Debug-iphonesimulator/ALADDINContentBlocker.build/Objects-normal/x86_64/ALADDINContentBlocker.swiftmodule /Users/sergejhlystov/Library/Developer/Xcode/DerivedData/ALADDIN-eahryzmutvtbyceygnlyjsmiiaha/Build/Products/Debug-iphonesimulator/ALADDINContentBlocker.swiftmodule/x86_64.swiftmodule (in target 'ALADDINContentBlocker' from project 'ALADDIN')
    cd /Users/sergejhlystov/ALADDIN_NEW/ALADDIN_NEW/mobile_apps/ALADDIN_iOS
    builtin-copy -exclude .DS_Store -exclude CVS -exclude .svn -exclude .git -exclude .hg -resolve-src-symlinks -rename /Users/sergejhlystov/Library/Developer/Xcode/DerivedData/ALADDIN-eahryzmutvtbyceygnlyjsmiiaha/Build/Intermediates.noindex/ALADDIN.build/Debug-iphonesimulator/ALADDINContentBlocker.build/Objects-normal/x86_64/ALADDINContentBlocker.swiftmodule /Users/sergejhlystov/Library/Developer/Xcode/DerivedData/ALADDIN-eahryzmutvtbyceygnlyjsmiiaha/Build/Products/Debug-iphonesimulator/ALADDINContentBlocker.swiftmodule/x86_64.swiftmodule

PBXCp /Users/sergejhlystov/Library/Developer/Xcode/DerivedData/ALADDIN-eahryzmutvtbyceygnlyjsmiiaha/Build/Intermediates.noindex/ALADDIN.build/Debug-iphonesimulator/ALADDINContentBlocker.build/Objects-normal/x86_64/ALADDINContentBlocker-Swift.h /Users/sergejhlystov/Library/Developer/Xcode/DerivedData/ALADDIN-eahryzmutvtbyceygnlyjsmiiaha/Build/Intermediates.noindex/ALADDIN.build/Debug-iphonesimulator/ALADDINContentBlocker.build/DerivedSources/ALADDINContentBlocker-Swift.h (in target 'ALADDINContentBlocker' from project 'ALADDIN')
    cd /Users/sergejhlystov/ALADDIN_NEW/ALADDIN_NEW/mobile_apps/ALADDIN_iOS
    builtin-copy -exclude .DS_Store -exclude CVS -exclude .svn -exclude .git -exclude .hg -resolve-src-symlinks /Users/sergejhlystov/Library/Developer/Xcode/DerivedData/ALADDIN-eahryzmutvtbyceygnlyjsmiiaha/Build/Intermediates.noindex/ALADDIN.build/Debug-iphonesimulator/ALADDINContentBlocker.build/Objects-normal/x86_64/ALADDINContentBlocker-Swift.h /Users/sergejhlystov/Library/Developer/Xcode/DerivedData/ALADDIN-eahryzmutvtbyceygnlyjsmiiaha/Build/Intermediates.noindex/ALADDIN.build/Debug-iphonesimulator/ALADDINContentBlocker.build/DerivedSources

PBXCp /Users/sergejhlystov/Library/Developer/Xcode/DerivedData/ALADDIN-eahryzmutvtbyceygnlyjsmiiaha/Build/Intermediates.noindex/ALADDIN.build/Debug-iphonesimulator/ALADDINContentBlocker.build/Objects-normal/x86_64/ALADDINContentBlocker.swiftsourceinfo /Users/sergejhlystov/Library/Developer/Xcode/DerivedData/ALADDIN-eahryzmutvtbyceygnlyjsmiiaha/Build/Products/Debug-iphonesimulator/ALADDINContentBlocker.swiftmodule/Project/x86_64.swiftsourceinfo (in target 'ALADDINContentBlocker' from project 'ALADDIN')
    cd /Users/sergejhlystov/ALADDIN_NEW/ALADDIN_NEW/mobile_apps/ALADDIN_iOS
    builtin-copy -exclude .DS_Store -exclude CVS -exclude .svn -exclude .git -exclude .hg -resolve-src-symlinks -rename /Users/sergejhlystov/Library/Developer/Xcode/DerivedData/ALADDIN-eahryzmutvtbyceygnlyjsmiiaha/Build/Intermediates.noindex/ALADDIN.build/Debug-iphonesimulator/ALADDINContentBlocker.build/Objects-normal/x86_64/ALADDINContentBlocker.swiftsourceinfo /Users/sergejhlystov/Library/Developer/Xcode/DerivedData/ALADDIN-eahryzmutvtbyceygnlyjsmiiaha/Build/Products/Debug-iphonesimulator/ALADDINContentBlocker.swiftmodule/Project/x86_64.swiftsourceinfo

PBXCp /Users/sergejhlystov/Library/Developer/Xcode/DerivedData/ALADDIN-eahryzmutvtbyceygnlyjsmiiaha/Build/Intermediates.noindex/ALADDIN.build/Debug-iphonesimulator/ALADDINContentBlocker.build/Objects-normal/x86_64/ALADDINContentBlocker.swiftsourceinfo /Users/sergejhlystov/Library/Developer/Xcode/DerivedData/ALADDIN-eahryzmutvtbyceygnlyjsmiiaha/Build/Products/Debug-iphonesimulator/ALADDINContentBlocker.swiftmodule/Project/x86_64-apple-ios-simulator.swiftsourceinfo (in target 'ALADDINContentBlocker' from project 'ALADDIN')
    cd /Users/sergejhlystov/ALADDIN_NEW/ALADDIN_NEW/mobile_apps/ALADDIN_iOS
    builtin-copy -exclude .DS_Store -exclude CVS -exclude .svn -exclude .git -exclude .hg -resolve-src-symlinks -rename /Users/sergejhlystov/Library/Developer/Xcode/DerivedData/ALADDIN-eahryzmutvtbyceygnlyjsmiiaha/Build/Intermediates.noindex/ALADDIN.build/Debug-iphonesimulator/ALADDINContentBlocker.build/Objects-normal/x86_64/ALADDINContentBlocker.swiftsourceinfo /Users/sergejhlystov/Library/Developer/Xcode/DerivedData/ALADDIN-eahryzmutvtbyceygnlyjsmiiaha/Build/Products/Debug-iphonesimulator/ALADDINContentBlocker.swiftmodule/Project/x86_64-apple-ios-simulator.swiftsourceinfo

SwiftDriverJob-Compile normal x86_64 Compiling\ ActionRequestHandler.swift /Users/sergejhlystov/ALADDIN_NEW/ALADDIN_NEW/mobile_apps/ALADDIN_iOS/ALADDINContentBlocker/ActionRequestHandler.swift (in target 'ALADDINContentBlocker' from project 'ALADDIN')
    cd /Users/sergejhlystov/ALADDIN_NEW/ALADDIN_NEW/mobile_apps/ALADDIN_iOS
    export DEVELOPER_DIR\=/Applications/Xcode.app/Contents/Developer
    export SDKROOT\=/Applications/Xcode.app/Contents/Developer/Platforms/iPhoneSimulator.platform/Developer/SDKs/iPhoneSimulator15.2.sdk
    builtin-swiftDriverJobExecution -- /Applications/Xcode.app/Contents/Developer/Toolchains/XcodeDefault.xctoolchain/usr/bin/swift-frontend -frontend -c -primary-file /Users/sergejhlystov/ALADDIN_NEW/ALADDIN_NEW/mobile_apps/ALADDIN_iOS/ALADDINContentBlocker/ActionRequestHandler.swift -emit-dependencies-path /Users/sergejhlystov/Library/Developer/Xcode/DerivedData/ALADDIN-eahryzmutvtbyceygnlyjsmiiaha/Build/Intermediates.noindex/ALADDIN.build/Debug-iphonesimulator/ALADDINContentBlocker.build/Objects-normal/x86_64/ActionRequestHandler.d -emit-reference-dependencies-path /Users/sergejhlystov/Library/Developer/Xcode/DerivedData/ALADDIN-eahryzmutvtbyceygnlyjsmiiaha/Build/Intermediates.noindex/ALADDIN.build/Debug-iphonesimulator/ALADDINContentBlocker.build/Objects-normal/x86_64/ActionRequestHandler.swiftdeps -serialize-diagnostics-path /Users/sergejhlystov/Library/Developer/Xcode/DerivedData/ALADDIN-eahryzmutvtbyceygnlyjsmiiaha/Build/Intermediates.noindex/ALADDIN.build/Debug-iphonesimulator/ALADDINContentBlocker.build/Objects-normal/x86_64/ActionRequestHandler.dia -target x86_64-apple-ios15.2-simulator -enable-objc-interop -sdk /Applications/Xcode.app/Contents/Developer/Platforms/iPhoneSimulator.platform/Developer/SDKs/iPhoneSimulator15.2.sdk -I /Users/sergejhlystov/Library/Developer/Xcode/DerivedData/ALADDIN-eahryzmutvtbyceygnlyjsmiiaha/Build/Products/Debug-iphonesimulator -F /Users/sergejhlystov/Library/Developer/Xcode/DerivedData/ALADDIN-eahryzmutvtbyceygnlyjsmiiaha/Build/Products/Debug-iphonesimulator -no-color-diagnostics -application-extension -enable-testing -g -module-cache-path /Users/sergejhlystov/Library/Developer/Xcode/DerivedData/ModuleCache.noindex -emit-localized-strings -emit-localized-strings-path /Users/sergejhlystov/Library/Developer/Xcode/DerivedData/ALADDIN-eahryzmutvtbyceygnlyjsmiiaha/Build/Intermediates.noindex/ALADDIN.build/Debug-iphonesimulator/ALADDINContentBlocker.build/Objects-normal/x86_64 -swift-version 5 -enforce-exclusivity\=checked -Onone -D DEBUG -serialize-debugging-options -Xcc -working-directory -Xcc /Users/sergejhlystov/ALADDIN_NEW/ALADDIN_NEW/mobile_apps/ALADDIN_iOS -resource-dir /Applications/Xcode.app/Contents/Developer/Toolchains/XcodeDefault.xctoolchain/usr/lib/swift -enable-anonymous-context-mangled-names -Xcc -I/Users/sergejhlystov/Library/Developer/Xcode/DerivedData/ALADDIN-eahryzmutvtbyceygnlyjsmiiaha/Build/Intermediates.noindex/ALADDIN.build/Debug-iphonesimulator/ALADDINContentBlocker.build/swift-overrides.hmap -Xcc -iquote -Xcc /Users/sergejhlystov/Library/Developer/Xcode/DerivedData/ALADDIN-eahryzmutvtbyceygnlyjsmiiaha/Build/Intermediates.noindex/ALADDIN.build/Debug-iphonesimulator/ALADDINContentBlocker.build/ALADDINContentBlocker-generated-files.hmap -Xcc -I/Users/sergejhlystov/Library/Developer/Xcode/DerivedData/ALADDIN-eahryzmutvtbyceygnlyjsmiiaha/Build/Intermediates.noindex/ALADDIN.build/Debug-iphonesimulator/ALADDINContentBlocker.build/ALADDINContentBlocker-own-target-headers.hmap -Xcc -I/Users/sergejhlystov/Library/Developer/Xcode/DerivedData/ALADDIN-eahryzmutvtbyceygnlyjsmiiaha/Build/Intermediates.noindex/ALADDIN.build/Debug-iphonesimulator/ALADDINContentBlocker.build/ALADDINContentBlocker-all-target-headers.hmap -Xcc -iquote -Xcc /Users/sergejhlystov/Library/Developer/Xcode/DerivedData/ALADDIN-eahryzmutvtbyceygnlyjsmiiaha/Build/Intermediates.noindex/ALADDIN.build/Debug-iphonesimulator/ALADDINContentBlocker.build/ALADDINContentBlocker-project-headers.hmap -Xcc -I/Users/sergejhlystov/Library/Developer/Xcode/DerivedData/ALADDIN-eahryzmutvtbyceygnlyjsmiiaha/Build/Products/Debug-iphonesimulator/include -Xcc -I/Users/sergejhlystov/Library/Developer/Xcode/DerivedData/ALADDIN-eahryzmutvtbyceygnlyjsmiiaha/Build/Intermediates.noindex/ALADDIN.build/Debug-iphonesimulator/ALADDINContentBlocker.build/DerivedSources-normal/x86_64 -Xcc -I/Users/sergejhlystov/Library/Developer/Xcode/DerivedData/ALADDIN-eahryzmutvtbyceygnlyjsmiiaha/Build/Intermediates.noindex/ALADDIN.build/Debug-iphonesimulator/ALADDINContentBlocker.build/DerivedSources/x86_64 -Xcc -I/Users/sergejhlystov/Library/Developer/Xcode/DerivedData/ALADDIN-eahryzmutvtbyceygnlyjsmiiaha/Build/Intermediates.noindex/ALADDIN.build/Debug-iphonesimulator/ALADDINContentBlocker.build/DerivedSources -Xcc -DDEBUG\=1 -module-name ALADDINContentBlocker -target-sdk-version 15.2.0 -parse-as-library -o /Users/sergejhlystov/Library/Developer/Xcode/DerivedData/ALADDIN-eahryzmutvtbyceygnlyjsmiiaha/Build/Intermediates.noindex/ALADDIN.build/Debug-iphonesimulator/ALADDINContentBlocker.build/Objects-normal/x86_64/ActionRequestHandler.o -index-store-path /Users/sergejhlystov/Library/Developer/Xcode/DerivedData/ALADDIN-eahryzmutvtbyceygnlyjsmiiaha/Index/DataStore -index-system-modules

WriteAuxiliaryFile /Users/sergejhlystov/Library/Developer/Xcode/DerivedData/ALADDIN-eahryzmutvtbyceygnlyjsmiiaha/Build/Intermediates.noindex/ALADDIN.build/Debug-iphonesimulator/ALADDIN.build/DerivedSources/Entitlements.plist (in target 'ALADDIN' from project 'ALADDIN')
    cd /Users/sergejhlystov/ALADDIN_NEW/ALADDIN_NEW/mobile_apps/ALADDIN_iOS
    write-file /Users/sergejhlystov/Library/Developer/Xcode/DerivedData/ALADDIN-eahryzmutvtbyceygnlyjsmiiaha/Build/Intermediates.noindex/ALADDIN.build/Debug-iphonesimulator/ALADDIN.build/DerivedSources/Entitlements.plist

WriteAuxiliaryFile /Users/sergejhlystov/Library/Developer/Xcode/DerivedData/ALADDIN-eahryzmutvtbyceygnlyjsmiiaha/Build/Intermediates.noindex/ALADDIN.build/Debug-iphonesimulator/ALADDIN.build/DerivedSources/Entitlements-Simulated.plist (in target 'ALADDIN' from project 'ALADDIN')
    cd /Users/sergejhlystov/ALADDIN_NEW/ALADDIN_NEW/mobile_apps/ALADDIN_iOS
    write-file /Users/sergejhlystov/Library/Developer/Xcode/DerivedData/ALADDIN-eahryzmutvtbyceygnlyjsmiiaha/Build/Intermediates.noindex/ALADDIN.build/Debug-iphonesimulator/ALADDIN.build/DerivedSources/Entitlements-Simulated.plist

ProcessProductPackaging "" /Users/sergejhlystov/Library/Developer/Xcode/DerivedData/ALADDIN-eahryzmutvtbyceygnlyjsmiiaha/Build/Intermediates.noindex/ALADDIN.build/Debug-iphonesimulator/ALADDIN.build/ALADDIN.app-Simulated.xcent (in target 'ALADDIN' from project 'ALADDIN')
    cd /Users/sergejhlystov/ALADDIN_NEW/ALADDIN_NEW/mobile_apps/ALADDIN_iOS
    
    Entitlements:
    
    {
    "application-identifier" = "6CJVBBUGSN.family.aladdin.ios";
    "keychain-access-groups" =     (
        "6CJVBBUGSN.family.aladdin.ios"
    );
}
    
    builtin-productPackagingUtility -entitlements -format xml -o /Users/sergejhlystov/Library/Developer/Xcode/DerivedData/ALADDIN-eahryzmutvtbyceygnlyjsmiiaha/Build/Intermediates.noindex/ALADDIN.build/Debug-iphonesimulator/ALADDIN.build/ALADDIN.app-Simulated.xcent

ProcessProductPackaging "" /Users/sergejhlystov/Library/Developer/Xcode/DerivedData/ALADDIN-eahryzmutvtbyceygnlyjsmiiaha/Build/Intermediates.noindex/ALADDIN.build/Debug-iphonesimulator/ALADDIN.build/ALADDIN.app.xcent (in target 'ALADDIN' from project 'ALADDIN')
    cd /Users/sergejhlystov/ALADDIN_NEW/ALADDIN_NEW/mobile_apps/ALADDIN_iOS
    
    Entitlements:
    
    {
    "com.apple.security.get-task-allow" = 1;
}
    
    builtin-productPackagingUtility -entitlements -format xml -o /Users/sergejhlystov/Library/Developer/Xcode/DerivedData/ALADDIN-eahryzmutvtbyceygnlyjsmiiaha/Build/Intermediates.noindex/ALADDIN.build/Debug-iphonesimulator/ALADDIN.build/ALADDIN.app.xcent

WriteAuxiliaryFile /Users/sergejhlystov/Library/Developer/Xcode/DerivedData/ALADDIN-eahryzmutvtbyceygnlyjsmiiaha/Build/Intermediates.noindex/ALADDIN.build/Debug-iphonesimulator/ALADDIN.build/all-product-headers.yaml (in target 'ALADDIN' from project 'ALADDIN')
    cd /Users/sergejhlystov/ALADDIN_NEW/ALADDIN_NEW/mobile_apps/ALADDIN_iOS
    write-file /Users/sergejhlystov/Library/Developer/Xcode/DerivedData/ALADDIN-eahryzmutvtbyceygnlyjsmiiaha/Build/Intermediates.noindex/ALADDIN.build/Debug-iphonesimulator/ALADDIN.build/all-product-headers.yaml

WriteAuxiliaryFile /Users/sergejhlystov/Library/Developer/Xcode/DerivedData/ALADDIN-eahryzmutvtbyceygnlyjsmiiaha/Build/Intermediates.noindex/ALADDIN.build/Debug-iphonesimulator/ALADDIN.build/ALADDIN.hmap (in target 'ALADDIN' from project 'ALADDIN')
    cd /Users/sergejhlystov/ALADDIN_NEW/ALADDIN_NEW/mobile_apps/ALADDIN_iOS
    write-file /Users/sergejhlystov/Library/Developer/Xcode/DerivedData/ALADDIN-eahryzmutvtbyceygnlyjsmiiaha/Build/Intermediates.noindex/ALADDIN.build/Debug-iphonesimulator/ALADDIN.build/ALADDIN.hmap

WriteAuxiliaryFile /Users/sergejhlystov/Library/Developer/Xcode/DerivedData/ALADDIN-eahryzmutvtbyceygnlyjsmiiaha/Build/Intermediates.noindex/ALADDIN.build/Debug-iphonesimulator/ALADDIN.build/ALADDIN-own-target-headers.hmap (in target 'ALADDIN' from project 'ALADDIN')
    cd /Users/sergejhlystov/ALADDIN_NEW/ALADDIN_NEW/mobile_apps/ALADDIN_iOS
    write-file /Users/sergejhlystov/Library/Developer/Xcode/DerivedData/ALADDIN-eahryzmutvtbyceygnlyjsmiiaha/Build/Intermediates.noindex/ALADDIN.build/Debug-iphonesimulator/ALADDIN.build/ALADDIN-own-target-headers.hmap

WriteAuxiliaryFile /Users/sergejhlystov/Library/Developer/Xcode/DerivedData/ALADDIN-eahryzmutvtbyceygnlyjsmiiaha/Build/Intermediates.noindex/ALADDIN.build/Debug-iphonesimulator/ALADDIN.build/ALADDIN-generated-files.hmap (in target 'ALADDIN' from project 'ALADDIN')
    cd /Users/sergejhlystov/ALADDIN_NEW/ALADDIN_NEW/mobile_apps/ALADDIN_iOS
    write-file /Users/sergejhlystov/Library/Developer/Xcode/DerivedData/ALADDIN-eahryzmutvtbyceygnlyjsmiiaha/Build/Intermediates.noindex/ALADDIN.build/Debug-iphonesimulator/ALADDIN.build/ALADDIN-generated-files.hmap

WriteAuxiliaryFile /Users/sergejhlystov/Library/Developer/Xcode/DerivedData/ALADDIN-eahryzmutvtbyceygnlyjsmiiaha/Build/Intermediates.noindex/ALADDIN.build/Debug-iphonesimulator/ALADDIN.build/ALADDIN-project-headers.hmap (in target 'ALADDIN' from project 'ALADDIN')
    cd /Users/sergejhlystov/ALADDIN_NEW/ALADDIN_NEW/mobile_apps/ALADDIN_iOS
    write-file /Users/sergejhlystov/Library/Developer/Xcode/DerivedData/ALADDIN-eahryzmutvtbyceygnlyjsmiiaha/Build/Intermediates.noindex/ALADDIN.build/Debug-iphonesimulator/ALADDIN.build/ALADDIN-project-headers.hmap

WriteAuxiliaryFile /Users/sergejhlystov/Library/Developer/Xcode/DerivedData/ALADDIN-eahryzmutvtbyceygnlyjsmiiaha/Build/Intermediates.noindex/ALADDIN.build/Debug-iphonesimulator/ALADDIN.build/ALADDIN-all-target-headers.hmap (in target 'ALADDIN' from project 'ALADDIN')
    cd /Users/sergejhlystov/ALADDIN_NEW/ALADDIN_NEW/mobile_apps/ALADDIN_iOS
    write-file /Users/sergejhlystov/Library/Developer/Xcode/DerivedData/ALADDIN-eahryzmutvtbyceygnlyjsmiiaha/Build/Intermediates.noindex/ALADDIN.build/Debug-iphonesimulator/ALADDIN.build/ALADDIN-all-target-headers.hmap

WriteAuxiliaryFile /Users/sergejhlystov/Library/Developer/Xcode/DerivedData/ALADDIN-eahryzmutvtbyceygnlyjsmiiaha/Build/Intermediates.noindex/ALADDIN.build/Debug-iphonesimulator/ALADDIN.build/ALADDIN-all-non-framework-target-headers.hmap (in target 'ALADDIN' from project 'ALADDIN')
    cd /Users/sergejhlystov/ALADDIN_NEW/ALADDIN_NEW/mobile_apps/ALADDIN_iOS
    write-file /Users/sergejhlystov/Library/Developer/Xcode/DerivedData/ALADDIN-eahryzmutvtbyceygnlyjsmiiaha/Build/Intermediates.noindex/ALADDIN.build/Debug-iphonesimulator/ALADDIN.build/ALADDIN-all-non-framework-target-headers.hmap

WriteAuxiliaryFile /Users/sergejhlystov/Library/Developer/Xcode/DerivedData/ALADDIN-eahryzmutvtbyceygnlyjsmiiaha/Build/Intermediates.noindex/ALADDIN.build/Debug-iphonesimulator/ALADDIN.build/Objects-normal/x86_64/ALADDIN-OutputFileMap.json (in target 'ALADDIN' from project 'ALADDIN')
    cd /Users/sergejhlystov/ALADDIN_NEW/ALADDIN_NEW/mobile_apps/ALADDIN_iOS
    write-file /Users/sergejhlystov/Library/Developer/Xcode/DerivedData/ALADDIN-eahryzmutvtbyceygnlyjsmiiaha/Build/Intermediates.noindex/ALADDIN.build/Debug-iphonesimulator/ALADDIN.build/Objects-normal/x86_64/ALADDIN-OutputFileMap.json

WriteAuxiliaryFile /Users/sergejhlystov/Library/Developer/Xcode/DerivedData/ALADDIN-eahryzmutvtbyceygnlyjsmiiaha/Build/Intermediates.noindex/ALADDIN.build/Debug-iphonesimulator/ALADDIN.build/Objects-normal/x86_64/ALADDIN.SwiftFileList (in target 'ALADDIN' from project 'ALADDIN')
    cd /Users/sergejhlystov/ALADDIN_NEW/ALADDIN_NEW/mobile_apps/ALADDIN_iOS
    write-file /Users/sergejhlystov/Library/Developer/Xcode/DerivedData/ALADDIN-eahryzmutvtbyceygnlyjsmiiaha/Build/Intermediates.noindex/ALADDIN.build/Debug-iphonesimulator/ALADDIN.build/Objects-normal/x86_64/ALADDIN.SwiftFileList

SwiftDriver ALADDIN normal x86_64 com.apple.xcode.tools.swift.compiler (in target 'ALADDIN' from project 'ALADDIN')
    cd /Users/sergejhlystov/ALADDIN_NEW/ALADDIN_NEW/mobile_apps/ALADDIN_iOS
    export DEVELOPER_DIR\=/Applications/Xcode.app/Contents/Developer
    export SDKROOT\=/Applications/Xcode.app/Contents/Developer/Platforms/iPhoneSimulator.platform/Developer/SDKs/iPhoneSimulator15.2.sdk
    builtin-SwiftDriver -o /Users/sergejhlystov/Library/Developer/Xcode/DerivedData/ALADDIN-eahryzmutvtbyceygnlyjsmiiaha/Build/Intermediates.noindex/ALADDIN.build/Debug-iphonesimulator/ALADDIN.build/Objects-normal/x86_64/ALADDIN\ Swift\ Driver\ Planning\ Finished -- /Applications/Xcode.app/Contents/Developer/Toolchains/XcodeDefault.xctoolchain/usr/bin/swiftc -incremental -module-name ALADDIN -Onone -enable-batch-mode -enforce-exclusivity\=checked @/Users/sergejhlystov/Library/Developer/Xcode/DerivedData/ALADDIN-eahryzmutvtbyceygnlyjsmiiaha/Build/Intermediates.noindex/ALADDIN.build/Debug-iphonesimulator/ALADDIN.build/Objects-normal/x86_64/ALADDIN.SwiftFileList -DDEBUG -sdk /Applications/Xcode.app/Contents/Developer/Platforms/iPhoneSimulator.platform/Developer/SDKs/iPhoneSimulator15.2.sdk -target x86_64-apple-ios15.2-simulator -g -module-cache-path /Users/sergejhlystov/Library/Developer/Xcode/DerivedData/ModuleCache.noindex -Xfrontend -serialize-debugging-options -enable-testing -index-store-path /Users/sergejhlystov/Library/Developer/Xcode/DerivedData/ALADDIN-eahryzmutvtbyceygnlyjsmiiaha/Index/DataStore -swift-version 5 -I /Users/sergejhlystov/Library/Developer/Xcode/DerivedData/ALADDIN-eahryzmutvtbyceygnlyjsmiiaha/Build/Products/Debug-iphonesimulator -F /Users/sergejhlystov/Library/Developer/Xcode/DerivedData/ALADDIN-eahryzmutvtbyceygnlyjsmiiaha/Build/Products/Debug-iphonesimulator -emit-localized-strings -emit-localized-strings-path /Users/sergejhlystov/Library/Developer/Xcode/DerivedData/ALADDIN-eahryzmutvtbyceygnlyjsmiiaha/Build/Intermediates.noindex/ALADDIN.build/Debug-iphonesimulator/ALADDIN.build/Objects-normal/x86_64 -c -j8 -output-file-map /Users/sergejhlystov/Library/Developer/Xcode/DerivedData/ALADDIN-eahryzmutvtbyceygnlyjsmiiaha/Build/Intermediates.noindex/ALADDIN.build/Debug-iphonesimulator/ALADDIN.build/Objects-normal/x86_64/ALADDIN-OutputFileMap.json -save-temps -no-color-diagnostics -serialize-diagnostics -emit-dependencies -emit-module -emit-module-path /Users/sergejhlystov/Library/Developer/Xcode/DerivedData/ALADDIN-eahryzmutvtbyceygnlyjsmiiaha/Build/Intermediates.noindex/ALADDIN.build/Debug-iphonesimulator/ALADDIN.build/Objects-normal/x86_64/ALADDIN.swiftmodule -Xcc -I/Users/sergejhlystov/Library/Developer/Xcode/DerivedData/ALADDIN-eahryzmutvtbyceygnlyjsmiiaha/Build/Intermediates.noindex/ALADDIN.build/Debug-iphonesimulator/ALADDIN.build/swift-overrides.hmap -Xcc -iquote -Xcc /Users/sergejhlystov/Library/Developer/Xcode/DerivedData/ALADDIN-eahryzmutvtbyceygnlyjsmiiaha/Build/Intermediates.noindex/ALADDIN.build/Debug-iphonesimulator/ALADDIN.build/ALADDIN-generated-files.hmap -Xcc -I/Users/sergejhlystov/Library/Developer/Xcode/DerivedData/ALADDIN-eahryzmutvtbyceygnlyjsmiiaha/Build/Intermediates.noindex/ALADDIN.build/Debug-iphonesimulator/ALADDIN.build/ALADDIN-own-target-headers.hmap -Xcc -I/Users/sergejhlystov/Library/Developer/Xcode/DerivedData/ALADDIN-eahryzmutvtbyceygnlyjsmiiaha/Build/Intermediates.noindex/ALADDIN.build/Debug-iphonesimulator/ALADDIN.build/ALADDIN-all-target-headers.hmap -Xcc -iquote -Xcc /Users/sergejhlystov/Library/Developer/Xcode/DerivedData/ALADDIN-eahryzmutvtbyceygnlyjsmiiaha/Build/Intermediates.noindex/ALADDIN.build/Debug-iphonesimulator/ALADDIN.build/ALADDIN-project-headers.hmap -Xcc -I/Users/sergejhlystov/Library/Developer/Xcode/DerivedData/ALADDIN-eahryzmutvtbyceygnlyjsmiiaha/Build/Products/Debug-iphonesimulator/include -Xcc -I/Users/sergejhlystov/Library/Developer/Xcode/DerivedData/ALADDIN-eahryzmutvtbyceygnlyjsmiiaha/Build/Intermediates.noindex/ALADDIN.build/Debug-iphonesimulator/ALADDIN.build/DerivedSources-normal/x86_64 -Xcc -I/Users/sergejhlystov/Library/Developer/Xcode/DerivedData/ALADDIN-eahryzmutvtbyceygnlyjsmiiaha/Build/Intermediates.noindex/ALADDIN.build/Debug-iphonesimulator/ALADDIN.build/DerivedSources/x86_64 -Xcc -I/Users/sergejhlystov/Library/Developer/Xcode/DerivedData/ALADDIN-eahryzmutvtbyceygnlyjsmiiaha/Build/Intermediates.noindex/ALADDIN.build/Debug-iphonesimulator/ALADDIN.build/DerivedSources -Xcc -DDEBUG\=1 -emit-objc-header -emit-objc-header-path /Users/sergejhlystov/Library/Developer/Xcode/DerivedData/ALADDIN-eahryzmutvtbyceygnlyjsmiiaha/Build/Intermediates.noindex/ALADDIN.build/Debug-iphonesimulator/ALADDIN.build/Objects-normal/x86_64/ALADDIN-Swift.h -working-directory /Users/sergejhlystov/ALADDIN_NEW/ALADDIN_NEW/mobile_apps/ALADDIN_iOS -experimental-emit-module-separately

SwiftDriverJob-Emit-Module normal x86_64 Emitting\ module\ for\ ALADDIN (in target 'ALADDIN' from project 'ALADDIN')
    cd /Users/sergejhlystov/ALADDIN_NEW/ALADDIN_NEW/mobile_apps/ALADDIN_iOS
    export DEVELOPER_DIR\=/Applications/Xcode.app/Contents/Developer
    export SDKROOT\=/Applications/Xcode.app/Contents/Developer/Platforms/iPhoneSimulator.platform/Developer/SDKs/iPhoneSimulator15.2.sdk
    builtin-swiftDriverJobExecution -- /Applications/Xcode.app/Contents/Developer/Toolchains/XcodeDefault.xctoolchain/usr/bin/swift-frontend -frontend -emit-module -experimental-skip-non-inlinable-function-bodies-without-types /Users/sergejhlystov/ALADDIN_NEW/ALADDIN_NEW/mobile_apps/ALADDIN_iOS/Screens/08_ChildInterfaceScreen.swift /Users/sergejhlystov/ALADDIN_NEW/ALADDIN_NEW/mobile_apps/ALADDIN_iOS/ContentView.swift /Users/sergejhlystov/ALADDIN_NEW/ALADDIN_NEW/mobile_apps/ALADDIN_iOS/AppDelegate.swift /Users/sergejhlystov/ALADDIN_NEW/ALADDIN_NEW/mobile_apps/ALADDIN_iOS/Components/Modals/AgeGroupSelectionModal.swift /Users/sergejhlystov/ALADDIN_NEW/ALADDIN_NEW/mobile_apps/ALADDIN_iOS/ViewModels/ActivationCodeViewModel.swift /Users/sergejhlystov/ALADDIN_NEW/ALADDIN_NEW/mobile_apps/ALADDIN_iOS/Components/TariffCardView.swift /Users/sergejhlystov/ALADDIN_NEW/ALADDIN_NEW/mobile_apps/ALADDIN_iOS/ALADDINApp.swift /Users/sergejhlystov/ALADDIN_NEW/ALADDIN_NEW/mobile_apps/ALADDIN_iOS/Core/ContentBlocker/ContentBlockerManager.swift /Users/sergejhlystov/ALADDIN_NEW/ALADDIN_NEW/mobile_apps/ALADDIN_iOS/Shared/Models/FunctionStatus.swift /Users/sergejhlystov/ALADDIN_NEW/ALADDIN_NEW/mobile_apps/ALADDIN_iOS/Screens/26_ActivationCodeScreen.swift /Users/sergejhlystov/ALADDIN_NEW/ALADDIN_NEW/mobile_apps/ALADDIN_iOS/ViewModels/MainViewModel.swift /Users/sergejhlystov/ALADDIN_NEW/ALADDIN_NEW/mobile_apps/ALADDIN_iOS/Components/TariffCardSections.swift /Users/sergejhlystov/ALADDIN_NEW/ALADDIN_NEW/mobile_apps/ALADDIN_iOS/Components/Modals/FamilyContentBlockModal.swift /Users/sergejhlystov/ALADDIN_NEW/ALADDIN_NEW/mobile_apps/ALADDIN_iOS/Shared/Components/Buttons/PrimaryButton.swift /Users/sergejhlystov/ALADDIN_NEW/ALADDIN_NEW/mobile_apps/ALADDIN_iOS/Screens/NotificationSettingsScreen.swift /Users/sergejhlystov/ALADDIN_NEW/ALADDIN_NEW/mobile_apps/ALADDIN_iOS/Core/Managers/TariffManager.swift /Users/sergejhlystov/ALADDIN_NEW/ALADDIN_NEW/mobile_apps/ALADDIN_iOS/Screens/ChildContentScreen.swift /Users/sergejhlystov/ALADDIN_NEW/ALADDIN_NEW/mobile_apps/ALADDIN_iOS/Shared/Models/AdditionalFeature.swift /Users/sergejhlystov/ALADDIN_NEW/ALADDIN_NEW/mobile_apps/ALADDIN_iOS/Shared/Components/StatItem.swift /Users/sergejhlystov/ALADDIN_NEW/ALADDIN_NEW/mobile_apps/ALADDIN_iOS/Shared/Components/Cards/FamilyMemberCard.swift /Users/sergejhlystov/ALADDIN_NEW/ALADDIN_NEW/mobile_apps/ALADDIN_iOS/Shared/Components/Cards/AddMoreMemberCard.swift /Users/sergejhlystov/ALADDIN_NEW/ALADDIN_NEW/mobile_apps/ALADDIN_iOS/Components/Modals/ChildRewardsSettingsModal.swift /Users/sergejhlystov/ALADDIN_NEW/ALADDIN_NEW/mobile_apps/ALADDIN_iOS/Core/Models/APIModels.swift /Users/sergejhlystov/ALADDIN_NEW/ALADDIN_NEW/mobile_apps/ALADDIN_iOS/Core/NetworkProtection/NetworkProtectionManager.swift /Users/sergejhlystov/ALADDIN_NEW/ALADDIN_NEW/mobile_apps/ALADDIN_iOS/Screens/UnicornPetView.swift /Users/sergejhlystov/ALADDIN_NEW/ALADDIN_NEW/mobile_apps/ALADDIN_iOS/Core/Network/APIService.swift /Users/sergejhlystov/ALADDIN_NEW/ALADDIN_NEW/mobile_apps/ALADDIN_iOS/Screens/18_PrivacyPolicyScreen.swift /Users/sergejhlystov/ALADDIN_NEW/ALADDIN_NEW/mobile_apps/ALADDIN_iOS/Screens/10_TariffsScreen.swift /Users/sergejhlystov/ALADDIN_NEW/ALADDIN_NEW/mobile_apps/ALADDIN_iOS/Screens/09_ElderlyInterfaceScreen.swift /Users/sergejhlystov/ALADDIN_NEW/ALADDIN_NEW/mobile_apps/ALADDIN_iOS/Screens/11_ProfileScreen.swift /Users/sergejhlystov/ALADDIN_NEW/ALADDIN_NEW/mobile_apps/ALADDIN_iOS/Core/Network/NetworkManager.swift /Users/sergejhlystov/ALADDIN_NEW/ALADDIN_NEW/mobile_apps/ALADDIN_iOS/Screens/19_TermsOfServiceScreen.swift /Users/sergejhlystov/ALADDIN_NEW/ALADDIN_NEW/mobile_apps/ALADDIN_iOS/Core/Config/AppConfig.swift /Users/sergejhlystov/ALADDIN_NEW/ALADDIN_NEW/mobile_apps/ALADDIN_iOS/ViewModels/FamilyViewModel.swift /Users/sergejhlystov/ALADDIN_NEW/ALADDIN_NEW/mobile_apps/ALADDIN_iOS/ViewModels/AIAssistantViewModel.swift /Users/sergejhlystov/ALADDIN_NEW/ALADDIN_NEW/mobile_apps/ALADDIN_iOS/Screens/22_DeviceDetailScreen.swift /Users/sergejhlystov/ALADDIN_NEW/ALADDIN_NEW/mobile_apps/ALADDIN_iOS/Screens/WidgetConfigurationScreen.swift /Users/sergejhlystov/ALADDIN_NEW/ALADDIN_NEW/mobile_apps/ALADDIN_iOS/Core/Network/FamilyChatWebSocket.swift /Users/sergejhlystov/ALADDIN_NEW/ALADDIN_NEW/mobile_apps/ALADDIN_iOS/Screens/SecurityEducationScreen.swift /Users/sergejhlystov/ALADDIN_NEW/ALADDIN_NEW/mobile_apps/ALADDIN_iOS/Core/Security/KeychainManager.swift /Users/sergejhlystov/ALADDIN_NEW/ALADDIN_NEW/mobile_apps/ALADDIN_iOS/Shared/Components/Modals/MemberStatsModalView.swift /Users/sergejhlystov/ALADDIN_NEW/ALADDIN_NEW/mobile_apps/ALADDIN_iOS/Shared/Components/Modals/AddMemberOptionsModal.swift /Users/sergejhlystov/ALADDIN_NEW/ALADDIN_NEW/mobile_apps/ALADDIN_iOS/Shared/Components/Modals/InvitationCodeInputModal.swift /Users/sergejhlystov/ALADDIN_NEW/ALADDIN_NEW/mobile_apps/ALADDIN_iOS/Shared/Components/Chat/MessageActionsMenu.swift /Users/sergejhlystov/ALADDIN_NEW/ALADDIN_NEW/mobile_apps/ALADDIN_iOS/Shared/Styles/Spacing.swift /Users/sergejhlystov/ALADDIN_NEW/ALADDIN_NEW/mobile_apps/ALADDIN_iOS/Shared/Components/RecoveryOptionsModal.swift /Users/sergejhlystov/ALADDIN_NEW/ALADDIN_NEW/mobile_apps/ALADDIN_iOS/Shared/Components/ShareSheet.swift /Users/sergejhlystov/ALADDIN_NEW/ALADDIN_NEW/mobile_apps/ALADDIN_iOS/Shared/Models/TariffCard.swift /Users/sergejhlystov/ALADDIN_NEW/ALADDIN_NEW/mobile_apps/ALADDIN_iOS/ViewModels/SettingsViewModel.swift /Users/sergejhlystov/ALADDIN_NEW/ALADDIN_NEW/mobile_apps/ALADDIN_iOS/Shared/Components/Chat/VoiceRecordingView.swift /Users/sergejhlystov/ALADDIN_NEW/ALADDIN_NEW/mobile_apps/ALADDIN_iOS/Shared/Components/InfoRow.swift /Users/sergejhlystov/ALADDIN_NEW/ALADDIN_NEW/mobile_apps/ALADDIN_iOS/Screens/25_PaymentQRScreen.swift /Users/sergejhlystov/ALADDIN_NEW/ALADDIN_NEW/mobile_apps/ALADDIN_iOS/Shared/Components/Modals/RoleSelectionModal.swift /Users/sergejhlystov/ALADDIN_NEW/ALADDIN_NEW/mobile_apps/ALADDIN_iOS/Shared/Components/Modals/ProtectionLevelExplanationModal.swift /Users/sergejhlystov/ALADDIN_NEW/ALADDIN_NEW/mobile_apps/ALADDIN_iOS/Shared/Components/Modals/ProtectionLevelHistoryModal.swift /Users/sergejhlystov/ALADDIN_NEW/ALADDIN_NEW/mobile_apps/ALADDIN_iOS/Shared/Components/Modals/RecoveryCodeModal.swift /Users/sergejhlystov/ALADDIN_NEW/ALADDIN_NEW/mobile_apps/ALADDIN_iOS/ViewModels/SupportViewModel.swift /Users/sergejhlystov/ALADDIN_NEW/ALADDIN_NEW/mobile_apps/ALADDIN_iOS/Shared/Components/Chat/MessageReactionsView.swift /Users/sergejhlystov/ALADDIN_NEW/ALADDIN_NEW/mobile_apps/ALADDIN_iOS/ViewModels/ChildInterfaceViewModel.swift /Users/sergejhlystov/ALADDIN_NEW/ALADDIN_NEW/mobile_apps/ALADDIN_iOS/Screens/12_NotificationsScreen.swift /Users/sergejhlystov/ALADDIN_NEW/ALADDIN_NEW/mobile_apps/ALADDIN_iOS/Shared/Components/Chat/VoiceMessageBubble.swift /Users/sergejhlystov/ALADDIN_NEW/ALADDIN_NEW/mobile_apps/ALADDIN_iOS/ViewModels/ElderlyInterfaceViewModel.swift /Users/sergejhlystov/ALADDIN_NEW/ALADDIN_NEW/mobile_apps/ALADDIN_iOS/ViewModels/AnalyticsViewModel.swift /Users/sergejhlystov/ALADDIN_NEW/ALADDIN_NEW/mobile_apps/ALADDIN_iOS/Core/Cache/CacheManager.swift /Users/sergejhlystov/ALADDIN_NEW/ALADDIN_NEW/mobile_apps/ALADDIN_iOS/ALADDINWidgets/SharedDataManager.swift /Users/sergejhlystov/ALADDIN_NEW/ALADDIN_NEW/mobile_apps/ALADDIN_iOS/Core/Models/ProtectionFeature.swift /Users/sergejhlystov/ALADDIN_NEW/ALADDIN_NEW/mobile_apps/ALADDIN_iOS/Core/Models/ProtectionLevelHistory.swift /Users/sergejhlystov/ALADDIN_NEW/ALADDIN_NEW/mobile_apps/ALADDIN_iOS/Core/Audio/VoiceMessagePlayer.swift /Users/sergejhlystov/ALADDIN_NEW/ALADDIN_NEW/mobile_apps/ALADDIN_iOS/ViewModels/NotificationsViewModel.swift /Users/sergejhlystov/ALADDIN_NEW/ALADDIN_NEW/mobile_apps/ALADDIN_iOS/Screens/06_AIAssistantScreen.swift /Users/sergejhlystov/ALADDIN_NEW/ALADDIN_NEW/mobile_apps/ALADDIN_iOS/Components/Modals/RewardsQuickModal.swift /Users/sergejhlystov/ALADDIN_NEW/ALADDIN_NEW/mobile_apps/ALADDIN_iOS/Screens/AdvancedProtectionSettingsScreen.swift /Users/sergejhlystov/ALADDIN_NEW/ALADDIN_NEW/mobile_apps/ALADDIN_iOS/Core/Chat/FamilyChatOfflineManager.swift /Users/sergejhlystov/ALADDIN_NEW/ALADDIN_NEW/mobile_apps/ALADDIN_iOS/ViewModels/ProfileViewModel.swift /Users/sergejhlystov/ALADDIN_NEW/ALADDIN_NEW/mobile_apps/ALADDIN_iOS/Components/Modals/ConsentModal.swift /Users/sergejhlystov/ALADDIN_NEW/ALADDIN_NEW/mobile_apps/ALADDIN_iOS/ViewModels/ParentalControlViewModel.swift /Users/sergejhlystov/ALADDIN_NEW/ALADDIN_NEW/mobile_apps/ALADDIN_iOS/ViewModels/OnboardingViewModel.swift /Users/sergejhlystov/ALADDIN_NEW/ALADDIN_NEW/mobile_apps/ALADDIN_iOS/Shared/Styles/Colors.swift /Users/sergejhlystov/ALADDIN_NEW/ALADDIN_NEW/mobile_apps/ALADDIN_iOS/Screens/ChildRewardsScreen.swift /Users/sergejhlystov/ALADDIN_NEW/ALADDIN_NEW/mobile_apps/ALADDIN_iOS/Screens/ChildGoalEditorView.swift /Users/sergejhlystov/ALADDIN_NEW/ALADDIN_NEW/mobile_apps/ALADDIN_iOS/Core/Security/RecoveryCodeStorageManager.swift /Users/sergejhlystov/ALADDIN_NEW/ALADDIN_NEW/mobile_apps/ALADDIN_iOS/Screens/21_ReferralScreen.swift /Users/sergejhlystov/ALADDIN_NEW/ALADDIN_NEW/mobile_apps/ALADDIN_iOS/Shared/Components/AvatarSelector.swift /Users/sergejhlystov/ALADDIN_NEW/ALADDIN_NEW/mobile_apps/ALADDIN_iOS/Components/MotivationBanner.swift /Users/sergejhlystov/ALADDIN_NEW/ALADDIN_NEW/mobile_apps/ALADDIN_iOS/Shared/Components/Toast.swift /Users/sergejhlystov/ALADDIN_NEW/ALADDIN_NEW/mobile_apps/ALADDIN_iOS/Shared/Components/Navigation/ALADDINNavigationBar.swift /Users/sergejhlystov/ALADDIN_NEW/ALADDIN_NEW/mobile_apps/ALADDIN_iOS/Screens/14_OnboardingScreen.swift /Users/sergejhlystov/ALADDIN_NEW/ALADDIN_NEW/mobile_apps/ALADDIN_iOS/Components/Modals/FamilyCreatedModal.swift /Users/sergejhlystov/ALADDIN_NEW/ALADDIN_NEW/mobile_apps/ALADDIN_iOS/ViewModels/PaymentQRViewModel.swift /Users/sergejhlystov/ALADDIN_NEW/ALADDIN_NEW/mobile_apps/ALADDIN_iOS/Shared/Components/Chat/MediaMessageBubble.swift /Users/sergejhlystov/ALADDIN_NEW/ALADDIN_NEW/mobile_apps/ALADDIN_iOS/Core/Navigation/NavigationManager.swift /Users/sergejhlystov/ALADDIN_NEW/ALADDIN_NEW/mobile_apps/ALADDIN_iOS/Core/Accessibility/AccessibilityManager.swift /Users/sergejhlystov/ALADDIN_NEW/ALADDIN_NEW/mobile_apps/ALADDIN_iOS/Core/Helpers/URLHelper.swift /Users/sergejhlystov/ALADDIN_NEW/ALADDIN_NEW/mobile_apps/ALADDIN_iOS/Core/Store/StoreManager.swift /Users/sergejhlystov/ALADDIN_NEW/ALADDIN_NEW/mobile_apps/ALADDIN_iOS/Screens/WheelOfFortuneView.swift /Users/sergejhlystov/ALADDIN_NEW/ALADDIN_NEW/mobile_apps/ALADDIN_iOS/Screens/UnicornUniverseView.swift /Users/sergejhlystov/ALADDIN_NEW/ALADDIN_NEW/mobile_apps/ALADDIN_iOS/Screens/YoungDefenderView.swift /Users/sergejhlystov/ALADDIN_NEW/ALADDIN_NEW/mobile_apps/ALADDIN_iOS/Core/Localization/LocalizationManager.swift /Users/sergejhlystov/ALADDIN_NEW/ALADDIN_NEW/mobile_apps/ALADDIN_iOS/Screens/13_SupportScreen.swift /Users/sergejhlystov/ALADDIN_NEW/ALADDIN_NEW/mobile_apps/ALADDIN_iOS/Core/Audio/VoiceMessageRecorder.swift /Users/sergejhlystov/ALADDIN_NEW/ALADDIN_NEW/mobile_apps/ALADDIN_iOS/Core/Analytics/AnalyticsManager.swift /Users/sergejhlystov/ALADDIN_NEW/ALADDIN_NEW/mobile_apps/ALADDIN_iOS/Screens/07_ParentalControlScreen.swift /Users/sergejhlystov/ALADDIN_NEW/ALADDIN_NEW/mobile_apps/ALADDIN_iOS/Screens/05_SettingsScreen.swift /Users/sergejhlystov/ALADDIN_NEW/ALADDIN_NEW/mobile_apps/ALADDIN_iOS/Shared/Components/Inputs/ALADDINTextField.swift /Users/sergejhlystov/ALADDIN_NEW/ALADDIN_NEW/mobile_apps/ALADDIN_iOS/Shared/Components/Chat/ChatSearchBar.swift /Users/sergejhlystov/ALADDIN_NEW/ALADDIN_NEW/mobile_apps/ALADDIN_iOS/Shared/Components/Modals/BackupRecoveryModal.swift /Users/sergejhlystov/ALADDIN_NEW/ALADDIN_NEW/mobile_apps/ALADDIN_iOS/Screens/RewardsModalView.swift /Users/sergejhlystov/ALADDIN_NEW/ALADDIN_NEW/mobile_apps/ALADDIN_iOS/Screens/23_FamilyChatScreen.swift /Users/sergejhlystov/ALADDIN_NEW/ALADDIN_NEW/mobile_apps/ALADDIN_iOS/Core/Storage/StorageManager.swift /Users/sergejhlystov/ALADDIN_NEW/ALADDIN_NEW/mobile_apps/ALADDIN_iOS/Screens/02_FamilyScreen.swift /Users/sergejhlystov/ALADDIN_NEW/ALADDIN_NEW/mobile_apps/ALADDIN_iOS/Screens/20_DevicesScreen.swift /Users/sergejhlystov/ALADDIN_NEW/ALADDIN_NEW/mobile_apps/ALADDIN_iOS/Shared/Components/Buttons/SecondaryButton.swift /Users/sergejhlystov/ALADDIN_NEW/ALADDIN_NEW/mobile_apps/ALADDIN_iOS/Components/EnhancedThreatCategoryCard.swift /Users/sergejhlystov/ALADDIN_NEW/ALADDIN_NEW/mobile_apps/ALADDIN_iOS/Shared/Components/ViewModifiers.swift /Users/sergejhlystov/ALADDIN_NEW/ALADDIN_NEW/mobile_apps/ALADDIN_iOS/Shared/Components/CollapsibleSection.swift /Users/sergejhlystov/ALADDIN_NEW/ALADDIN_NEW/mobile_apps/ALADDIN_iOS/Shared/Components/HapticFeedback.swift /Users/sergejhlystov/ALADDIN_NEW/ALADDIN_NEW/mobile_apps/ALADDIN_iOS/Screens/MainScreenWithRegistration.swift /Users/sergejhlystov/ALADDIN_NEW/ALADDIN_NEW/mobile_apps/ALADDIN_iOS/Core/Network/NetworkError.swift /Users/sergejhlystov/ALADDIN_NEW/ALADDIN_NEW/mobile_apps/ALADDIN_iOS/Screens/LanguageSettingsScreen.swift /Users/sergejhlystov/ALADDIN_NEW/ALADDIN_NEW/mobile_apps/ALADDIN_iOS/ViewModels/FamilyRegistrationViewModel.swift /Users/sergejhlystov/ALADDIN_NEW/ALADDIN_NEW/mobile_apps/ALADDIN_iOS/Shared/Models/ParentalControlFeature.swift /Users/sergejhlystov/ALADDIN_NEW/ALADDIN_NEW/mobile_apps/ALADDIN_iOS/Shared/Styles/CornerRadius.swift /Users/sergejhlystov/ALADDIN_NEW/ALADDIN_NEW/mobile_apps/ALADDIN_iOS/Screens/01_MainScreen.swift /Users/sergejhlystov/ALADDIN_NEW/ALADDIN_NEW/mobile_apps/ALADDIN_iOS/Screens/03_NetworkProtectionScreen.swift /Users/sergejhlystov/ALADDIN_NEW/ALADDIN_NEW/mobile_apps/ALADDIN_iOS/Screens/FamilyTournamentView.swift /Users/sergejhlystov/ALADDIN_NEW/ALADDIN_NEW/mobile_apps/ALADDIN_iOS/Screens/FamilyProtectorView.swift /Users/sergejhlystov/ALADDIN_NEW/ALADDIN_NEW/mobile_apps/ALADDIN_iOS/Shared/Styles/Fonts.swift /Users/sergejhlystov/ALADDIN_NEW/ALADDIN_NEW/mobile_apps/ALADDIN_iOS/Screens/GamesParentalControlView.swift /Users/sergejhlystov/ALADDIN_NEW/ALADDIN_NEW/mobile_apps/ALADDIN_iOS/Shared/Components/QRScannerModal.swift /Users/sergejhlystov/ALADDIN_NEW/ALADDIN_NEW/mobile_apps/ALADDIN_iOS/Screens/04_AnalyticsScreen.swift /Users/sergejhlystov/ALADDIN_NEW/ALADDIN_NEW/mobile_apps/ALADDIN_iOS/Components/TariffFeaturesGallery.swift /Users/sergejhlystov/ALADDIN_NEW/ALADDIN_NEW/mobile_apps/ALADDIN_iOS/Core/ContentBlocker/ContentBlockerRule.swift /Users/sergejhlystov/ALADDIN_NEW/ALADDIN_NEW/mobile_apps/ALADDIN_iOS/Screens/24_NetworkProtectionEnergyStatsScreen.swift /Users/sergejhlystov/ALADDIN_NEW/ALADDIN_NEW/mobile_apps/ALADDIN_iOS/Shared/Components/Modals/ProfileEditView.swift /Users/sergejhlystov/ALADDIN_NEW/ALADDIN_NEW/mobile_apps/ALADDIN_iOS/ViewModels/TariffsViewModel.swift /Users/sergejhlystov/ALADDIN_NEW/ALADDIN_NEW/mobile_apps/ALADDIN_iOS/Core/Notifications/NotificationManager.swift /Users/sergejhlystov/ALADDIN_NEW/ALADDIN_NEW/mobile_apps/ALADDIN_iOS/Shared/Models/ProtectionSettings.swift /Users/sergejhlystov/ALADDIN_NEW/ALADDIN_NEW/mobile_apps/ALADDIN_iOS/Core/Notifications/RemoteNotificationsService.swift /Users/sergejhlystov/ALADDIN_NEW/ALADDIN_NEW/mobile_apps/ALADDIN_iOS/Core/Security/SecurityManager.swift /Users/sergejhlystov/ALADDIN_NEW/ALADDIN_NEW/mobile_apps/ALADDIN_iOS/Screens/ThreatProtectionScreen.swift /Users/sergejhlystov/ALADDIN_NEW/ALADDIN_NEW/mobile_apps/ALADDIN_iOS/Components/ThreatProtectionCard.swift /Users/sergejhlystov/ALADDIN_NEW/ALADDIN_NEW/mobile_apps/ALADDIN_iOS/Components/ThreatProtectionCategoriesView.swift /Users/sergejhlystov/ALADDIN_NEW/ALADDIN_NEW/mobile_apps/ALADDIN_iOS/Shared/Models/ThreatProtectionCategory.swift /Users/sergejhlystov/ALADDIN_NEW/ALADDIN_NEW/mobile_apps/ALADDIN_iOS/Core/Managers/GamesSettingsManager.swift /Users/sergejhlystov/ALADDIN_NEW/ALADDIN_NEW/mobile_apps/ALADDIN_iOS/Core/Managers/ParentalControlManager.swift /Users/sergejhlystov/ALADDIN_NEW/ALADDIN_NEW/mobile_apps/ALADDIN_iOS/Core/Analytics/AnalyticsService.swift /Users/sergejhlystov/ALADDIN_NEW/ALADDIN_NEW/mobile_apps/ALADDIN_iOS/Shared/Components/Chat/ReplyBubbleView.swift /Users/sergejhlystov/ALADDIN_NEW/ALADDIN_NEW/mobile_apps/ALADDIN_iOS/Core/Services/PushNotificationService.swift /Users/sergejhlystov/ALADDIN_NEW/ALADDIN_NEW/mobile_apps/ALADDIN_iOS/Screens/AddMemberOptionsScreen.swift /Users/sergejhlystov/ALADDIN_NEW/ALADDIN_NEW/mobile_apps/ALADDIN_iOS/Core/Analytics/RemoteAnalyticsService.swift /Users/sergejhlystov/ALADDIN_NEW/ALADDIN_NEW/mobile_apps/ALADDIN_iOS/Core/Storage/ProfileImageManager.swift /Users/sergejhlystov/ALADDIN_NEW/ALADDIN_NEW/mobile_apps/ALADDIN_iOS/Shared/Models/RewardModels.swift /Users/sergejhlystov/ALADDIN_NEW/ALADDIN_NEW/mobile_apps/ALADDIN_iOS/ViewModels/ChildRewardsViewModel.swift /Users/sergejhlystov/ALADDIN_NEW/ALADDIN_NEW/mobile_apps/ALADDIN_iOS/Core/Antivirus/AntivirusManager.swift /Users/sergejhlystov/ALADDIN_NEW/ALADDIN_NEW/mobile_apps/ALADDIN_iOS/Core/Network/MockAPIService.swift /Users/sergejhlystov/ALADDIN_NEW/ALADDIN_NEW/mobile_apps/ALADDIN_iOS/Core/Managers/ProtectionSettingsManager.swift /Users/sergejhlystov/ALADDIN_NEW/ALADDIN_NEW/mobile_apps/ALADDIN_iOS/Screens/ThreatProtectionSettingsScreen.swift /Users/sergejhlystov/ALADDIN_NEW/ALADDIN_NEW/mobile_apps/ALADDIN_iOS/Components/ProtectionCategoryRow.swift /Users/sergejhlystov/ALADDIN_NEW/ALADDIN_NEW/mobile_apps/ALADDIN_iOS/Shared/Models/ProtectionGroup.swift /Users/sergejhlystov/ALADDIN_NEW/ALADDIN_NEW/mobile_apps/ALADDIN_iOS/Core/IoT/IoTSecurityModule.swift /Users/sergejhlystov/ALADDIN_NEW/ALADDIN_NEW/mobile_apps/ALADDIN_iOS/Components/ProtectionGroupSection.swift /Users/sergejhlystov/ALADDIN_NEW/ALADDIN_NEW/mobile_apps/ALADDIN_iOS/Core/Antivirus/LocalThreatDatabase.swift /Users/sergejhlystov/ALADDIN_NEW/ALADDIN_NEW/mobile_apps/ALADDIN_iOS/Shared/Components/Inputs/ALADDINToggle.swift /Users/sergejhlystov/ALADDIN_NEW/ALADDIN_NEW/mobile_apps/ALADDIN_iOS/Shared/Components/EmptyStateView.swift /Users/sergejhlystov/ALADDIN_NEW/ALADDIN_NEW/mobile_apps/ALADDIN_iOS/Shared/Components/Chat/TypingIndicatorView.swift /Users/sergejhlystov/ALADDIN_NEW/ALADDIN_NEW/mobile_apps/ALADDIN_iOS/Core/Security/JWTTokenManager.swift /Users/sergejhlystov/ALADDIN_NEW/ALADDIN_NEW/mobile_apps/ALADDIN_iOS/Components/ThreatItemRow.swift -target x86_64-apple-ios15.2-simulator -enable-objc-interop -sdk /Applications/Xcode.app/Contents/Developer/Platforms/iPhoneSimulator.platform/Developer/SDKs/iPhoneSimulator15.2.sdk -I /Users/sergejhlystov/Library/Developer/Xcode/DerivedData/ALADDIN-eahryzmutvtbyceygnlyjsmiiaha/Build/Products/Debug-iphonesimulator -F /Users/sergejhlystov/Library/Developer/Xcode/DerivedData/ALADDIN-eahryzmutvtbyceygnlyjsmiiaha/Build/Products/Debug-iphonesimulator -no-color-diagnostics -enable-testing -g -module-cache-path /Users/sergejhlystov/Library/Developer/Xcode/DerivedData/ModuleCache.noindex -emit-localized-strings -emit-localized-strings-path /Users/sergejhlystov/Library/Developer/Xcode/DerivedData/ALADDIN-eahryzmutvtbyceygnlyjsmiiaha/Build/Intermediates.noindex/ALADDIN.build/Debug-iphonesimulator/ALADDIN.build/Objects-normal/x86_64 -swift-version 5 -enforce-exclusivity\=checked -Onone -D DEBUG -serialize-debugging-options -Xcc -working-directory -Xcc /Users/sergejhlystov/ALADDIN_NEW/ALADDIN_NEW/mobile_apps/ALADDIN_iOS -resource-dir /Applications/Xcode.app/Contents/Developer/Toolchains/XcodeDefault.xctoolchain/usr/lib/swift -enable-anonymous-context-mangled-names -Xcc -I/Users/sergejhlystov/Library/Developer/Xcode/DerivedData/ALADDIN-eahryzmutvtbyceygnlyjsmiiaha/Build/Intermediates.noindex/ALADDIN.build/Debug-iphonesimulator/ALADDIN.build/swift-overrides.hmap -Xcc -iquote -Xcc /Users/sergejhlystov/Library/Developer/Xcode/DerivedData/ALADDIN-eahryzmutvtbyceygnlyjsmiiaha/Build/Intermediates.noindex/ALADDIN.build/Debug-iphonesimulator/ALADDIN.build/ALADDIN-generated-files.hmap -Xcc -I/Users/sergejhlystov/Library/Developer/Xcode/DerivedData/ALADDIN-eahryzmutvtbyceygnlyjsmiiaha/Build/Intermediates.noindex/ALADDIN.build/Debug-iphonesimulator/ALADDIN.build/ALADDIN-own-target-headers.hmap -Xcc -I/Users/sergejhlystov/Library/Developer/Xcode/DerivedData/ALADDIN-eahryzmutvtbyceygnlyjsmiiaha/Build/Intermediates.noindex/ALADDIN.build/Debug-iphonesimulator/ALADDIN.build/ALADDIN-all-target-headers.hmap -Xcc -iquote -Xcc /Users/sergejhlystov/Library/Developer/Xcode/DerivedData/ALADDIN-eahryzmutvtbyceygnlyjsmiiaha/Build/Intermediates.noindex/ALADDIN.build/Debug-iphonesimulator/ALADDIN.build/ALADDIN-project-headers.hmap -Xcc -I/Users/sergejhlystov/Library/Developer/Xcode/DerivedData/ALADDIN-eahryzmutvtbyceygnlyjsmiiaha/Build/Products/Debug-iphonesimulator/include -Xcc -I/Users/sergejhlystov/Library/Developer/Xcode/DerivedData/ALADDIN-eahryzmutvtbyceygnlyjsmiiaha/Build/Intermediates.noindex/ALADDIN.build/Debug-iphonesimulator/ALADDIN.build/DerivedSources-normal/x86_64 -Xcc -I/Users/sergejhlystov/Library/Developer/Xcode/DerivedData/ALADDIN-eahryzmutvtbyceygnlyjsmiiaha/Build/Intermediates.noindex/ALADDIN.build/Debug-iphonesimulator/ALADDIN.build/DerivedSources/x86_64 -Xcc -I/Users/sergejhlystov/Library/Developer/Xcode/DerivedData/ALADDIN-eahryzmutvtbyceygnlyjsmiiaha/Build/Intermediates.noindex/ALADDIN.build/Debug-iphonesimulator/ALADDIN.build/DerivedSources -Xcc -DDEBUG\=1 -module-name ALADDIN -target-sdk-version 15.2.0 -emit-module-doc-path /Users/sergejhlystov/Library/Developer/Xcode/DerivedData/ALADDIN-eahryzmutvtbyceygnlyjsmiiaha/Build/Intermediates.noindex/ALADDIN.build/Debug-iphonesimulator/ALADDIN.build/Objects-normal/x86_64/ALADDIN.swiftdoc -emit-module-source-info-path /Users/sergejhlystov/Library/Developer/Xcode/DerivedData/ALADDIN-eahryzmutvtbyceygnlyjsmiiaha/Build/Intermediates.noindex/ALADDIN.build/Debug-iphonesimulator/ALADDIN.build/Objects-normal/x86_64/ALADDIN.swiftsourceinfo -emit-objc-header-path /Users/sergejhlystov/Library/Developer/Xcode/DerivedData/ALADDIN-eahryzmutvtbyceygnlyjsmiiaha/Build/Intermediates.noindex/ALADDIN.build/Debug-iphonesimulator/ALADDIN.build/Objects-normal/x86_64/ALADDIN-Swift.h -o /Users/sergejhlystov/Library/Developer/Xcode/DerivedData/ALADDIN-eahryzmutvtbyceygnlyjsmiiaha/Build/Intermediates.noindex/ALADDIN.build/Debug-iphonesimulator/ALADDIN.build/Objects-normal/x86_64/ALADDIN.swiftmodule -emit-abi-descriptor-path /Users/sergejhlystov/Library/Developer/Xcode/DerivedData/ALADDIN-eahryzmutvtbyceygnlyjsmiiaha/Build/Intermediates.noindex/ALADDIN.build/Debug-iphonesimulator/ALADDIN.build/Objects-normal/x86_64/ALADDIN.abi.json

SwiftDriver\ Compilation ALADDINContentBlocker normal x86_64 com.apple.xcode.tools.swift.compiler (in target 'ALADDINContentBlocker' from project 'ALADDIN')
    cd /Users/sergejhlystov/ALADDIN_NEW/ALADDIN_NEW/mobile_apps/ALADDIN_iOS
    export DEVELOPER_DIR\=/Applications/Xcode.app/Contents/Developer
    export SDKROOT\=/Applications/Xcode.app/Contents/Developer/Platforms/iPhoneSimulator.platform/Developer/SDKs/iPhoneSimulator15.2.sdk
    builtin-Swift-Compilation -- /Applications/Xcode.app/Contents/Developer/Toolchains/XcodeDefault.xctoolchain/usr/bin/swiftc -incremental -module-name ALADDINContentBlocker -Onone -enable-batch-mode -enforce-exclusivity\=checked @/Users/sergejhlystov/Library/Developer/Xcode/DerivedData/ALADDIN-eahryzmutvtbyceygnlyjsmiiaha/Build/Intermediates.noindex/ALADDIN.build/Debug-iphonesimulator/ALADDINContentBlocker.build/Objects-normal/x86_64/ALADDINContentBlocker.SwiftFileList -DDEBUG -sdk /Applications/Xcode.app/Contents/Developer/Platforms/iPhoneSimulator.platform/Developer/SDKs/iPhoneSimulator15.2.sdk -target x86_64-apple-ios15.2-simulator -g -module-cache-path /Users/sergejhlystov/Library/Developer/Xcode/DerivedData/ModuleCache.noindex -Xfrontend -serialize-debugging-options -application-extension -enable-testing -index-store-path /Users/sergejhlystov/Library/Developer/Xcode/DerivedData/ALADDIN-eahryzmutvtbyceygnlyjsmiiaha/Index/DataStore -swift-version 5 -I /Users/sergejhlystov/Library/Developer/Xcode/DerivedData/ALADDIN-eahryzmutvtbyceygnlyjsmiiaha/Build/Products/Debug-iphonesimulator -F /Users/sergejhlystov/Library/Developer/Xcode/DerivedData/ALADDIN-eahryzmutvtbyceygnlyjsmiiaha/Build/Products/Debug-iphonesimulator -parse-as-library -emit-localized-strings -emit-localized-strings-path /Users/sergejhlystov/Library/Developer/Xcode/DerivedData/ALADDIN-eahryzmutvtbyceygnlyjsmiiaha/Build/Intermediates.noindex/ALADDIN.build/Debug-iphonesimulator/ALADDINContentBlocker.build/Objects-normal/x86_64 -c -j8 -output-file-map /Users/sergejhlystov/Library/Developer/Xcode/DerivedData/ALADDIN-eahryzmutvtbyceygnlyjsmiiaha/Build/Intermediates.noindex/ALADDIN.build/Debug-iphonesimulator/ALADDINContentBlocker.build/Objects-normal/x86_64/ALADDINContentBlocker-OutputFileMap.json -save-temps -no-color-diagnostics -serialize-diagnostics -emit-dependencies -emit-module -emit-module-path /Users/sergejhlystov/Library/Developer/Xcode/DerivedData/ALADDIN-eahryzmutvtbyceygnlyjsmiiaha/Build/Intermediates.noindex/ALADDIN.build/Debug-iphonesimulator/ALADDINContentBlocker.build/Objects-normal/x86_64/ALADDINContentBlocker.swiftmodule -Xcc -I/Users/sergejhlystov/Library/Developer/Xcode/DerivedData/ALADDIN-eahryzmutvtbyceygnlyjsmiiaha/Build/Intermediates.noindex/ALADDIN.build/Debug-iphonesimulator/ALADDINContentBlocker.build/swift-overrides.hmap -Xcc -iquote -Xcc /Users/sergejhlystov/Library/Developer/Xcode/DerivedData/ALADDIN-eahryzmutvtbyceygnlyjsmiiaha/Build/Intermediates.noindex/ALADDIN.build/Debug-iphonesimulator/ALADDINContentBlocker.build/ALADDINContentBlocker-generated-files.hmap -Xcc -I/Users/sergejhlystov/Library/Developer/Xcode/DerivedData/ALADDIN-eahryzmutvtbyceygnlyjsmiiaha/Build/Intermediates.noindex/ALADDIN.build/Debug-iphonesimulator/ALADDINContentBlocker.build/ALADDINContentBlocker-own-target-headers.hmap -Xcc -I/Users/sergejhlystov/Library/Developer/Xcode/DerivedData/ALADDIN-eahryzmutvtbyceygnlyjsmiiaha/Build/Intermediates.noindex/ALADDIN.build/Debug-iphonesimulator/ALADDINContentBlocker.build/ALADDINContentBlocker-all-target-headers.hmap -Xcc -iquote -Xcc /Users/sergejhlystov/Library/Developer/Xcode/DerivedData/ALADDIN-eahryzmutvtbyceygnlyjsmiiaha/Build/Intermediates.noindex/ALADDIN.build/Debug-iphonesimulator/ALADDINContentBlocker.build/ALADDINContentBlocker-project-headers.hmap -Xcc -I/Users/sergejhlystov/Library/Developer/Xcode/DerivedData/ALADDIN-eahryzmutvtbyceygnlyjsmiiaha/Build/Products/Debug-iphonesimulator/include -Xcc -I/Users/sergejhlystov/Library/Developer/Xcode/DerivedData/ALADDIN-eahryzmutvtbyceygnlyjsmiiaha/Build/Intermediates.noindex/ALADDIN.build/Debug-iphonesimulator/ALADDINContentBlocker.build/DerivedSources-normal/x86_64 -Xcc -I/Users/sergejhlystov/Library/Developer/Xcode/DerivedData/ALADDIN-eahryzmutvtbyceygnlyjsmiiaha/Build/Intermediates.noindex/ALADDIN.build/Debug-iphonesimulator/ALADDINContentBlocker.build/DerivedSources/x86_64 -Xcc -I/Users/sergejhlystov/Library/Developer/Xcode/DerivedData/ALADDIN-eahryzmutvtbyceygnlyjsmiiaha/Build/Intermediates.noindex/ALADDIN.build/Debug-iphonesimulator/ALADDINContentBlocker.build/DerivedSources -Xcc -DDEBUG\=1 -emit-objc-header -emit-objc-header-path /Users/sergejhlystov/Library/Developer/Xcode/DerivedData/ALADDIN-eahryzmutvtbyceygnlyjsmiiaha/Build/Intermediates.noindex/ALADDIN.build/Debug-iphonesimulator/ALADDINContentBlocker.build/Objects-normal/x86_64/ALADDINContentBlocker-Swift.h -working-directory /Users/sergejhlystov/ALADDIN_NEW/ALADDIN_NEW/mobile_apps/ALADDIN_iOS -experimental-emit-module-separately

Ld /Users/sergejhlystov/Library/Developer/Xcode/DerivedData/ALADDIN-eahryzmutvtbyceygnlyjsmiiaha/Build/Products/Debug-iphonesimulator/ALADDINContentBlocker.appex/ALADDINContentBlocker normal (in target 'ALADDINContentBlocker' from project 'ALADDIN')
    cd /Users/sergejhlystov/ALADDIN_NEW/ALADDIN_NEW/mobile_apps/ALADDIN_iOS
    /Applications/Xcode.app/Contents/Developer/Toolchains/XcodeDefault.xctoolchain/usr/bin/clang -target x86_64-apple-ios15.2-simulator -isysroot /Applications/Xcode.app/Contents/Developer/Platforms/iPhoneSimulator.platform/Developer/SDKs/iPhoneSimulator15.2.sdk -L/Users/sergejhlystov/Library/Developer/Xcode/DerivedData/ALADDIN-eahryzmutvtbyceygnlyjsmiiaha/Build/Products/Debug-iphonesimulator -F/Users/sergejhlystov/Library/Developer/Xcode/DerivedData/ALADDIN-eahryzmutvtbyceygnlyjsmiiaha/Build/Products/Debug-iphonesimulator -filelist /Users/sergejhlystov/Library/Developer/Xcode/DerivedData/ALADDIN-eahryzmutvtbyceygnlyjsmiiaha/Build/Intermediates.noindex/ALADDIN.build/Debug-iphonesimulator/ALADDINContentBlocker.build/Objects-normal/x86_64/ALADDINContentBlocker.LinkFileList -Xlinker -rpath -Xlinker @executable_path/Frameworks -Xlinker -rpath -Xlinker @executable_path/../../Frameworks -dead_strip -Xlinker -object_path_lto -Xlinker /Users/sergejhlystov/Library/Developer/Xcode/DerivedData/ALADDIN-eahryzmutvtbyceygnlyjsmiiaha/Build/Intermediates.noindex/ALADDIN.build/Debug-iphonesimulator/ALADDINContentBlocker.build/Objects-normal/x86_64/ALADDINContentBlocker_lto.o -Xlinker -export_dynamic -Xlinker -no_deduplicate -Xlinker -objc_abi_version -Xlinker 2 -fapplication-extension -fobjc-link-runtime -L/Applications/Xcode.app/Contents/Developer/Toolchains/XcodeDefault.xctoolchain/usr/lib/swift/iphonesimulator -L/usr/lib/swift -Xlinker -add_ast_path -Xlinker /Users/sergejhlystov/Library/Developer/Xcode/DerivedData/ALADDIN-eahryzmutvtbyceygnlyjsmiiaha/Build/Intermediates.noindex/ALADDIN.build/Debug-iphonesimulator/ALADDINContentBlocker.build/Objects-normal/x86_64/ALADDINContentBlocker.swiftmodule -e _NSExtensionMain -Xlinker -sectcreate -Xlinker __TEXT -Xlinker __entitlements -Xlinker /Users/sergejhlystov/Library/Developer/Xcode/DerivedData/ALADDIN-eahryzmutvtbyceygnlyjsmiiaha/Build/Intermediates.noindex/ALADDIN.build/Debug-iphonesimulator/ALADDINContentBlocker.build/ALADDINContentBlocker.appex-Simulated.xcent -Xlinker -no_adhoc_codesign -Xlinker -dependency_info -Xlinker /Users/sergejhlystov/Library/Developer/Xcode/DerivedData/ALADDIN-eahryzmutvtbyceygnlyjsmiiaha/Build/Intermediates.noindex/ALADDIN.build/Debug-iphonesimulator/ALADDINContentBlocker.build/Objects-normal/x86_64/ALADDINContentBlocker_dependency_info.dat -o /Users/sergejhlystov/Library/Developer/Xcode/DerivedData/ALADDIN-eahryzmutvtbyceygnlyjsmiiaha/Build/Products/Debug-iphonesimulator/ALADDINContentBlocker.appex/ALADDINContentBlocker

CpResource /Users/sergejhlystov/ALADDIN_NEW/ALADDIN_NEW/mobile_apps/ALADDIN_iOS/ALADDINContentBlocker/blockerList.json /Users/sergejhlystov/Library/Developer/Xcode/DerivedData/ALADDIN-eahryzmutvtbyceygnlyjsmiiaha/Build/Products/Debug-iphonesimulator/ALADDINContentBlocker.appex/blockerList.json (in target 'ALADDINContentBlocker' from project 'ALADDIN')
    cd /Users/sergejhlystov/ALADDIN_NEW/ALADDIN_NEW/mobile_apps/ALADDIN_iOS
    builtin-copy -exclude .DS_Store -exclude CVS -exclude .svn -exclude .git -exclude .hg -resolve-src-symlinks /Users/sergejhlystov/ALADDIN_NEW/ALADDIN_NEW/mobile_apps/ALADDIN_iOS/ALADDINContentBlocker/blockerList.json /Users/sergejhlystov/Library/Developer/Xcode/DerivedData/ALADDIN-eahryzmutvtbyceygnlyjsmiiaha/Build/Products/Debug-iphonesimulator/ALADDINContentBlocker.appex

CodeSign /Users/sergejhlystov/Library/Developer/Xcode/DerivedData/ALADDIN-eahryzmutvtbyceygnlyjsmiiaha/Build/Products/Debug-iphonesimulator/ALADDINContentBlocker.appex (in target 'ALADDINContentBlocker' from project 'ALADDIN')
    cd /Users/sergejhlystov/ALADDIN_NEW/ALADDIN_NEW/mobile_apps/ALADDIN_iOS
    export CODESIGN_ALLOCATE\=/Applications/Xcode.app/Contents/Developer/Toolchains/XcodeDefault.xctoolchain/usr/bin/codesign_allocate
    
    Signing Identity:     "-"
    
    /usr/bin/codesign --force --sign - --entitlements /Users/sergejhlystov/Library/Developer/Xcode/DerivedData/ALADDIN-eahryzmutvtbyceygnlyjsmiiaha/Build/Intermediates.noindex/ALADDIN.build/Debug-iphonesimulator/ALADDINContentBlocker.build/ALADDINContentBlocker.appex.xcent --timestamp\=none --generate-entitlement-der /Users/sergejhlystov/Library/Developer/Xcode/DerivedData/ALADDIN-eahryzmutvtbyceygnlyjsmiiaha/Build/Products/Debug-iphonesimulator/ALADDINContentBlocker.appex

RegisterExecutionPolicyException /Users/sergejhlystov/Library/Developer/Xcode/DerivedData/ALADDIN-eahryzmutvtbyceygnlyjsmiiaha/Build/Products/Debug-iphonesimulator/ALADDINContentBlocker.appex (in target 'ALADDINContentBlocker' from project 'ALADDIN')
    cd /Users/sergejhlystov/ALADDIN_NEW/ALADDIN_NEW/mobile_apps/ALADDIN_iOS
    builtin-RegisterExecutionPolicyException /Users/sergejhlystov/Library/Developer/Xcode/DerivedData/ALADDIN-eahryzmutvtbyceygnlyjsmiiaha/Build/Products/Debug-iphonesimulator/ALADDINContentBlocker.appex

Touch /Users/sergejhlystov/Library/Developer/Xcode/DerivedData/ALADDIN-eahryzmutvtbyceygnlyjsmiiaha/Build/Products/Debug-iphonesimulator/ALADDINContentBlocker.appex (in target 'ALADDINContentBlocker' from project 'ALADDIN')
    cd /Users/sergejhlystov/ALADDIN_NEW/ALADDIN_NEW/mobile_apps/ALADDIN_iOS
    /usr/bin/touch -c /Users/sergejhlystov/Library/Developer/Xcode/DerivedData/ALADDIN-eahryzmutvtbyceygnlyjsmiiaha/Build/Products/Debug-iphonesimulator/ALADDINContentBlocker.appex

WriteAuxiliaryFile /Users/sergejhlystov/Library/Developer/Xcode/DerivedData/ALADDIN-eahryzmutvtbyceygnlyjsmiiaha/Build/Intermediates.noindex/ALADDIN.build/Debug-iphonesimulator/ALADDIN.build/Objects-normal/x86_64/ALADDIN.LinkFileList (in target 'ALADDIN' from project 'ALADDIN')
    cd /Users/sergejhlystov/ALADDIN_NEW/ALADDIN_NEW/mobile_apps/ALADDIN_iOS
    write-file /Users/sergejhlystov/Library/Developer/Xcode/DerivedData/ALADDIN-eahryzmutvtbyceygnlyjsmiiaha/Build/Intermediates.noindex/ALADDIN.build/Debug-iphonesimulator/ALADDIN.build/Objects-normal/x86_64/ALADDIN.LinkFileList

SwiftDriver\ Compilation\ Requirements ALADDIN normal x86_64 com.apple.xcode.tools.swift.compiler (in target 'ALADDIN' from project 'ALADDIN')
    cd /Users/sergejhlystov/ALADDIN_NEW/ALADDIN_NEW/mobile_apps/ALADDIN_iOS
    export DEVELOPER_DIR\=/Applications/Xcode.app/Contents/Developer
    export SDKROOT\=/Applications/Xcode.app/Contents/Developer/Platforms/iPhoneSimulator.platform/Developer/SDKs/iPhoneSimulator15.2.sdk
    builtin-Swift-Compilation-Requirements -- /Applications/Xcode.app/Contents/Developer/Toolchains/XcodeDefault.xctoolchain/usr/bin/swiftc -incremental -module-name ALADDIN -Onone -enable-batch-mode -enforce-exclusivity\=checked @/Users/sergejhlystov/Library/Developer/Xcode/DerivedData/ALADDIN-eahryzmutvtbyceygnlyjsmiiaha/Build/Intermediates.noindex/ALADDIN.build/Debug-iphonesimulator/ALADDIN.build/Objects-normal/x86_64/ALADDIN.SwiftFileList -DDEBUG -sdk /Applications/Xcode.app/Contents/Developer/Platforms/iPhoneSimulator.platform/Developer/SDKs/iPhoneSimulator15.2.sdk -target x86_64-apple-ios15.2-simulator -g -module-cache-path /Users/sergejhlystov/Library/Developer/Xcode/DerivedData/ModuleCache.noindex -Xfrontend -serialize-debugging-options -enable-testing -index-store-path /Users/sergejhlystov/Library/Developer/Xcode/DerivedData/ALADDIN-eahryzmutvtbyceygnlyjsmiiaha/Index/DataStore -swift-version 5 -I /Users/sergejhlystov/Library/Developer/Xcode/DerivedData/ALADDIN-eahryzmutvtbyceygnlyjsmiiaha/Build/Products/Debug-iphonesimulator -F /Users/sergejhlystov/Library/Developer/Xcode/DerivedData/ALADDIN-eahryzmutvtbyceygnlyjsmiiaha/Build/Products/Debug-iphonesimulator -emit-localized-strings -emit-localized-strings-path /Users/sergejhlystov/Library/Developer/Xcode/DerivedData/ALADDIN-eahryzmutvtbyceygnlyjsmiiaha/Build/Intermediates.noindex/ALADDIN.build/Debug-iphonesimulator/ALADDIN.build/Objects-normal/x86_64 -c -j8 -output-file-map /Users/sergejhlystov/Library/Developer/Xcode/DerivedData/ALADDIN-eahryzmutvtbyceygnlyjsmiiaha/Build/Intermediates.noindex/ALADDIN.build/Debug-iphonesimulator/ALADDIN.build/Objects-normal/x86_64/ALADDIN-OutputFileMap.json -save-temps -no-color-diagnostics -serialize-diagnostics -emit-dependencies -emit-module -emit-module-path /Users/sergejhlystov/Library/Developer/Xcode/DerivedData/ALADDIN-eahryzmutvtbyceygnlyjsmiiaha/Build/Intermediates.noindex/ALADDIN.build/Debug-iphonesimulator/ALADDIN.build/Objects-normal/x86_64/ALADDIN.swiftmodule -Xcc -I/Users/sergejhlystov/Library/Developer/Xcode/DerivedData/ALADDIN-eahryzmutvtbyceygnlyjsmiiaha/Build/Intermediates.noindex/ALADDIN.build/Debug-iphonesimulator/ALADDIN.build/swift-overrides.hmap -Xcc -iquote -Xcc /Users/sergejhlystov/Library/Developer/Xcode/DerivedData/ALADDIN-eahryzmutvtbyceygnlyjsmiiaha/Build/Intermediates.noindex/ALADDIN.build/Debug-iphonesimulator/ALADDIN.build/ALADDIN-generated-files.hmap -Xcc -I/Users/sergejhlystov/Library/Developer/Xcode/DerivedData/ALADDIN-eahryzmutvtbyceygnlyjsmiiaha/Build/Intermediates.noindex/ALADDIN.build/Debug-iphonesimulator/ALADDIN.build/ALADDIN-own-target-headers.hmap -Xcc -I/Users/sergejhlystov/Library/Developer/Xcode/DerivedData/ALADDIN-eahryzmutvtbyceygnlyjsmiiaha/Build/Intermediates.noindex/ALADDIN.build/Debug-iphonesimulator/ALADDIN.build/ALADDIN-all-target-headers.hmap -Xcc -iquote -Xcc /Users/sergejhlystov/Library/Developer/Xcode/DerivedData/ALADDIN-eahryzmutvtbyceygnlyjsmiiaha/Build/Intermediates.noindex/ALADDIN.build/Debug-iphonesimulator/ALADDIN.build/ALADDIN-project-headers.hmap -Xcc -I/Users/sergejhlystov/Library/Developer/Xcode/DerivedData/ALADDIN-eahryzmutvtbyceygnlyjsmiiaha/Build/Products/Debug-iphonesimulator/include -Xcc -I/Users/sergejhlystov/Library/Developer/Xcode/DerivedData/ALADDIN-eahryzmutvtbyceygnlyjsmiiaha/Build/Intermediates.noindex/ALADDIN.build/Debug-iphonesimulator/ALADDIN.build/DerivedSources-normal/x86_64 -Xcc -I/Users/sergejhlystov/Library/Developer/Xcode/DerivedData/ALADDIN-eahryzmutvtbyceygnlyjsmiiaha/Build/Intermediates.noindex/ALADDIN.build/Debug-iphonesimulator/ALADDIN.build/DerivedSources/x86_64 -Xcc -I/Users/sergejhlystov/Library/Developer/Xcode/DerivedData/ALADDIN-eahryzmutvtbyceygnlyjsmiiaha/Build/Intermediates.noindex/ALADDIN.build/Debug-iphonesimulator/ALADDIN.build/DerivedSources -Xcc -DDEBUG\=1 -emit-objc-header -emit-objc-header-path /Users/sergejhlystov/Library/Developer/Xcode/DerivedData/ALADDIN-eahryzmutvtbyceygnlyjsmiiaha/Build/Intermediates.noindex/ALADDIN.build/Debug-iphonesimulator/ALADDIN.build/Objects-normal/x86_64/ALADDIN-Swift.h -working-directory /Users/sergejhlystov/ALADDIN_NEW/ALADDIN_NEW/mobile_apps/ALADDIN_iOS -experimental-emit-module-separately

PBXCp /Users/sergejhlystov/Library/Developer/Xcode/DerivedData/ALADDIN-eahryzmutvtbyceygnlyjsmiiaha/Build/Intermediates.noindex/ALADDIN.build/Debug-iphonesimulator/ALADDIN.build/Objects-normal/x86_64/ALADDIN-Swift.h /Users/sergejhlystov/Library/Developer/Xcode/DerivedData/ALADDIN-eahryzmutvtbyceygnlyjsmiiaha/Build/Intermediates.noindex/ALADDIN.build/Debug-iphonesimulator/ALADDIN.build/DerivedSources/ALADDIN-Swift.h (in target 'ALADDIN' from project 'ALADDIN')
    cd /Users/sergejhlystov/ALADDIN_NEW/ALADDIN_NEW/mobile_apps/ALADDIN_iOS
    builtin-copy -exclude .DS_Store -exclude CVS -exclude .svn -exclude .git -exclude .hg -resolve-src-symlinks /Users/sergejhlystov/Library/Developer/Xcode/DerivedData/ALADDIN-eahryzmutvtbyceygnlyjsmiiaha/Build/Intermediates.noindex/ALADDIN.build/Debug-iphonesimulator/ALADDIN.build/Objects-normal/x86_64/ALADDIN-Swift.h /Users/sergejhlystov/Library/Developer/Xcode/DerivedData/ALADDIN-eahryzmutvtbyceygnlyjsmiiaha/Build/Intermediates.noindex/ALADDIN.build/Debug-iphonesimulator/ALADDIN.build/DerivedSources

PBXCp /Users/sergejhlystov/Library/Developer/Xcode/DerivedData/ALADDIN-eahryzmutvtbyceygnlyjsmiiaha/Build/Intermediates.noindex/ALADDIN.build/Debug-iphonesimulator/ALADDIN.build/Objects-normal/x86_64/ALADDIN.swiftmodule /Users/sergejhlystov/Library/Developer/Xcode/DerivedData/ALADDIN-eahryzmutvtbyceygnlyjsmiiaha/Build/Products/Debug-iphonesimulator/ALADDIN.swiftmodule/x86_64-apple-ios-simulator.swiftmodule (in target 'ALADDIN' from project 'ALADDIN')
    cd /Users/sergejhlystov/ALADDIN_NEW/ALADDIN_NEW/mobile_apps/ALADDIN_iOS
    builtin-copy -exclude .DS_Store -exclude CVS -exclude .svn -exclude .git -exclude .hg -resolve-src-symlinks -rename /Users/sergejhlystov/Library/Developer/Xcode/DerivedData/ALADDIN-eahryzmutvtbyceygnlyjsmiiaha/Build/Intermediates.noindex/ALADDIN.build/Debug-iphonesimulator/ALADDIN.build/Objects-normal/x86_64/ALADDIN.swiftmodule /Users/sergejhlystov/Library/Developer/Xcode/DerivedData/ALADDIN-eahryzmutvtbyceygnlyjsmiiaha/Build/Products/Debug-iphonesimulator/ALADDIN.swiftmodule/x86_64-apple-ios-simulator.swiftmodule

PBXCp /Users/sergejhlystov/Library/Developer/Xcode/DerivedData/ALADDIN-eahryzmutvtbyceygnlyjsmiiaha/Build/Intermediates.noindex/ALADDIN.build/Debug-iphonesimulator/ALADDIN.build/Objects-normal/x86_64/ALADDIN.swiftmodule /Users/sergejhlystov/Library/Developer/Xcode/DerivedData/ALADDIN-eahryzmutvtbyceygnlyjsmiiaha/Build/Products/Debug-iphonesimulator/ALADDIN.swiftmodule/x86_64.swiftmodule (in target 'ALADDIN' from project 'ALADDIN')
    cd /Users/sergejhlystov/ALADDIN_NEW/ALADDIN_NEW/mobile_apps/ALADDIN_iOS
    builtin-copy -exclude .DS_Store -exclude CVS -exclude .svn -exclude .git -exclude .hg -resolve-src-symlinks -rename /Users/sergejhlystov/Library/Developer/Xcode/DerivedData/ALADDIN-eahryzmutvtbyceygnlyjsmiiaha/Build/Intermediates.noindex/ALADDIN.build/Debug-iphonesimulator/ALADDIN.build/Objects-normal/x86_64/ALADDIN.swiftmodule /Users/sergejhlystov/Library/Developer/Xcode/DerivedData/ALADDIN-eahryzmutvtbyceygnlyjsmiiaha/Build/Products/Debug-iphonesimulator/ALADDIN.swiftmodule/x86_64.swiftmodule

PBXCp /Users/sergejhlystov/Library/Developer/Xcode/DerivedData/ALADDIN-eahryzmutvtbyceygnlyjsmiiaha/Build/Intermediates.noindex/ALADDIN.build/Debug-iphonesimulator/ALADDIN.build/Objects-normal/x86_64/ALADDIN.swiftdoc /Users/sergejhlystov/Library/Developer/Xcode/DerivedData/ALADDIN-eahryzmutvtbyceygnlyjsmiiaha/Build/Products/Debug-iphonesimulator/ALADDIN.swiftmodule/x86_64-apple-ios-simulator.swiftdoc (in target 'ALADDIN' from project 'ALADDIN')
    cd /Users/sergejhlystov/ALADDIN_NEW/ALADDIN_NEW/mobile_apps/ALADDIN_iOS
    builtin-copy -exclude .DS_Store -exclude CVS -exclude .svn -exclude .git -exclude .hg -resolve-src-symlinks -rename /Users/sergejhlystov/Library/Developer/Xcode/DerivedData/ALADDIN-eahryzmutvtbyceygnlyjsmiiaha/Build/Intermediates.noindex/ALADDIN.build/Debug-iphonesimulator/ALADDIN.build/Objects-normal/x86_64/ALADDIN.swiftdoc /Users/sergejhlystov/Library/Developer/Xcode/DerivedData/ALADDIN-eahryzmutvtbyceygnlyjsmiiaha/Build/Products/Debug-iphonesimulator/ALADDIN.swiftmodule/x86_64-apple-ios-simulator.swiftdoc

PBXCp /Users/sergejhlystov/Library/Developer/Xcode/DerivedData/ALADDIN-eahryzmutvtbyceygnlyjsmiiaha/Build/Intermediates.noindex/ALADDIN.build/Debug-iphonesimulator/ALADDIN.build/Objects-normal/x86_64/ALADDIN.swiftdoc /Users/sergejhlystov/Library/Developer/Xcode/DerivedData/ALADDIN-eahryzmutvtbyceygnlyjsmiiaha/Build/Products/Debug-iphonesimulator/ALADDIN.swiftmodule/x86_64.swiftdoc (in target 'ALADDIN' from project 'ALADDIN')
    cd /Users/sergejhlystov/ALADDIN_NEW/ALADDIN_NEW/mobile_apps/ALADDIN_iOS
    builtin-copy -exclude .DS_Store -exclude CVS -exclude .svn -exclude .git -exclude .hg -resolve-src-symlinks -rename /Users/sergejhlystov/Library/Developer/Xcode/DerivedData/ALADDIN-eahryzmutvtbyceygnlyjsmiiaha/Build/Intermediates.noindex/ALADDIN.build/Debug-iphonesimulator/ALADDIN.build/Objects-normal/x86_64/ALADDIN.swiftdoc /Users/sergejhlystov/Library/Developer/Xcode/DerivedData/ALADDIN-eahryzmutvtbyceygnlyjsmiiaha/Build/Products/Debug-iphonesimulator/ALADDIN.swiftmodule/x86_64.swiftdoc

PBXCp /Users/sergejhlystov/Library/Developer/Xcode/DerivedData/ALADDIN-eahryzmutvtbyceygnlyjsmiiaha/Build/Intermediates.noindex/ALADDIN.build/Debug-iphonesimulator/ALADDIN.build/Objects-normal/x86_64/ALADDIN.swiftsourceinfo /Users/sergejhlystov/Library/Developer/Xcode/DerivedData/ALADDIN-eahryzmutvtbyceygnlyjsmiiaha/Build/Products/Debug-iphonesimulator/ALADDIN.swiftmodule/Project/x86_64.swiftsourceinfo (in target 'ALADDIN' from project 'ALADDIN')
    cd /Users/sergejhlystov/ALADDIN_NEW/ALADDIN_NEW/mobile_apps/ALADDIN_iOS
    builtin-copy -exclude .DS_Store -exclude CVS -exclude .svn -exclude .git -exclude .hg -resolve-src-symlinks -rename /Users/sergejhlystov/Library/Developer/Xcode/DerivedData/ALADDIN-eahryzmutvtbyceygnlyjsmiiaha/Build/Intermediates.noindex/ALADDIN.build/Debug-iphonesimulator/ALADDIN.build/Objects-normal/x86_64/ALADDIN.swiftsourceinfo /Users/sergejhlystov/Library/Developer/Xcode/DerivedData/ALADDIN-eahryzmutvtbyceygnlyjsmiiaha/Build/Products/Debug-iphonesimulator/ALADDIN.swiftmodule/Project/x86_64.swiftsourceinfo

PBXCp /Users/sergejhlystov/Library/Developer/Xcode/DerivedData/ALADDIN-eahryzmutvtbyceygnlyjsmiiaha/Build/Intermediates.noindex/ALADDIN.build/Debug-iphonesimulator/ALADDIN.build/Objects-normal/x86_64/ALADDIN.swiftsourceinfo /Users/sergejhlystov/Library/Developer/Xcode/DerivedData/ALADDIN-eahryzmutvtbyceygnlyjsmiiaha/Build/Products/Debug-iphonesimulator/ALADDIN.swiftmodule/Project/x86_64-apple-ios-simulator.swiftsourceinfo (in target 'ALADDIN' from project 'ALADDIN')
    cd /Users/sergejhlystov/ALADDIN_NEW/ALADDIN_NEW/mobile_apps/ALADDIN_iOS
    builtin-copy -exclude .DS_Store -exclude CVS -exclude .svn -exclude .git -exclude .hg -resolve-src-symlinks -rename /Users/sergejhlystov/Library/Developer/Xcode/DerivedData/ALADDIN-eahryzmutvtbyceygnlyjsmiiaha/Build/Intermediates.noindex/ALADDIN.build/Debug-iphonesimulator/ALADDIN.build/Objects-normal/x86_64/ALADDIN.swiftsourceinfo /Users/sergejhlystov/Library/Developer/Xcode/DerivedData/ALADDIN-eahryzmutvtbyceygnlyjsmiiaha/Build/Products/Debug-iphonesimulator/ALADDIN.swiftmodule/Project/x86_64-apple-ios-simulator.swiftsourceinfo

SwiftDriverJob-Compile normal x86_64 Compiling\ PushNotificationService.swift,\ AddMemberOptionsScreen.swift,\ RemoteAnalyticsService.swift,\ ProfileImageManager.swift,\ RewardModels.swift,\ ChildRewardsViewModel.swift,\ AntivirusManager.swift,\ MockAPIService.swift,\ ProtectionSettingsManager.swift,\ ThreatProtectionSettingsScreen.swift,\ ProtectionCategoryRow.swift,\ ProtectionGroup.swift,\ IoTSecurityModule.swift,\ ProtectionGroupSection.swift,\ LocalThreatDatabase.swift,\ ALADDINToggle.swift,\ EmptyStateView.swift,\ TypingIndicatorView.swift,\ JWTTokenManager.swift,\ ThreatItemRow.swift /Users/sergejhlystov/ALADDIN_NEW/ALADDIN_NEW/mobile_apps/ALADDIN_iOS/Core/Services/PushNotificationService.swift /Users/sergejhlystov/ALADDIN_NEW/ALADDIN_NEW/mobile_apps/ALADDIN_iOS/Screens/AddMemberOptionsScreen.swift /Users/sergejhlystov/ALADDIN_NEW/ALADDIN_NEW/mobile_apps/ALADDIN_iOS/Core/Analytics/RemoteAnalyticsService.swift /Users/sergejhlystov/ALADDIN_NEW/ALADDIN_NEW/mobile_apps/ALADDIN_iOS/Core/Storage/ProfileImageManager.swift /Users/sergejhlystov/ALADDIN_NEW/ALADDIN_NEW/mobile_apps/ALADDIN_iOS/Shared/Models/RewardModels.swift /Users/sergejhlystov/ALADDIN_NEW/ALADDIN_NEW/mobile_apps/ALADDIN_iOS/ViewModels/ChildRewardsViewModel.swift /Users/sergejhlystov/ALADDIN_NEW/ALADDIN_NEW/mobile_apps/ALADDIN_iOS/Core/Antivirus/AntivirusManager.swift /Users/sergejhlystov/ALADDIN_NEW/ALADDIN_NEW/mobile_apps/ALADDIN_iOS/Core/Network/MockAPIService.swift /Users/sergejhlystov/ALADDIN_NEW/ALADDIN_NEW/mobile_apps/ALADDIN_iOS/Core/Managers/ProtectionSettingsManager.swift /Users/sergejhlystov/ALADDIN_NEW/ALADDIN_NEW/mobile_apps/ALADDIN_iOS/Screens/ThreatProtectionSettingsScreen.swift /Users/sergejhlystov/ALADDIN_NEW/ALADDIN_NEW/mobile_apps/ALADDIN_iOS/Components/ProtectionCategoryRow.swift /Users/sergejhlystov/ALADDIN_NEW/ALADDIN_NEW/mobile_apps/ALADDIN_iOS/Shared/Models/ProtectionGroup.swift /Users/sergejhlystov/ALADDIN_NEW/ALADDIN_NEW/mobile_apps/ALADDIN_iOS/Core/IoT/IoTSecurityModule.swift /Users/sergejhlystov/ALADDIN_NEW/ALADDIN_NEW/mobile_apps/ALADDIN_iOS/Components/ProtectionGroupSection.swift /Users/sergejhlystov/ALADDIN_NEW/ALADDIN_NEW/mobile_apps/ALADDIN_iOS/Core/Antivirus/LocalThreatDatabase.swift /Users/sergejhlystov/ALADDIN_NEW/ALADDIN_NEW/mobile_apps/ALADDIN_iOS/Shared/Components/Inputs/ALADDINToggle.swift /Users/sergejhlystov/ALADDIN_NEW/ALADDIN_NEW/mobile_apps/ALADDIN_iOS/Shared/Components/EmptyStateView.swift /Users/sergejhlystov/ALADDIN_NEW/ALADDIN_NEW/mobile_apps/ALADDIN_iOS/Shared/Components/Chat/TypingIndicatorView.swift /Users/sergejhlystov/ALADDIN_NEW/ALADDIN_NEW/mobile_apps/ALADDIN_iOS/Core/Security/JWTTokenManager.swift /Users/sergejhlystov/ALADDIN_NEW/ALADDIN_NEW/mobile_apps/ALADDIN_iOS/Components/ThreatItemRow.swift (in target 'ALADDIN' from project 'ALADDIN')
    cd /Users/sergejhlystov/ALADDIN_NEW/ALADDIN_NEW/mobile_apps/ALADDIN_iOS
    export DEVELOPER_DIR\=/Applications/Xcode.app/Contents/Developer
    export SDKROOT\=/Applications/Xcode.app/Contents/Developer/Platforms/iPhoneSimulator.platform/Developer/SDKs/iPhoneSimulator15.2.sdk
    builtin-swiftDriverJobExecution -- /Applications/Xcode.app/Contents/Developer/Toolchains/XcodeDefault.xctoolchain/usr/bin/swift-frontend -frontend -c -filelist /Users/sergejhlystov/Library/Developer/Xcode/DerivedData/ALADDIN-eahryzmutvtbyceygnlyjsmiiaha/Build/Intermediates.noindex/ALADDIN.build/Debug-iphonesimulator/ALADDIN.build/Objects-normal/x86_64/sources-1 -primary-file /Users/sergejhlystov/ALADDIN_NEW/ALADDIN_NEW/mobile_apps/ALADDIN_iOS/Core/Services/PushNotificationService.swift -primary-file /Users/sergejhlystov/ALADDIN_NEW/ALADDIN_NEW/mobile_apps/ALADDIN_iOS/Screens/AddMemberOptionsScreen.swift -primary-file /Users/sergejhlystov/ALADDIN_NEW/ALADDIN_NEW/mobile_apps/ALADDIN_iOS/Core/Analytics/RemoteAnalyticsService.swift -primary-file /Users/sergejhlystov/ALADDIN_NEW/ALADDIN_NEW/mobile_apps/ALADDIN_iOS/Core/Storage/ProfileImageManager.swift -primary-file /Users/sergejhlystov/ALADDIN_NEW/ALADDIN_NEW/mobile_apps/ALADDIN_iOS/Shared/Models/RewardModels.swift -primary-file /Users/sergejhlystov/ALADDIN_NEW/ALADDIN_NEW/mobile_apps/ALADDIN_iOS/ViewModels/ChildRewardsViewModel.swift -primary-file /Users/sergejhlystov/ALADDIN_NEW/ALADDIN_NEW/mobile_apps/ALADDIN_iOS/Core/Antivirus/AntivirusManager.swift -primary-file /Users/sergejhlystov/ALADDIN_NEW/ALADDIN_NEW/mobile_apps/ALADDIN_iOS/Core/Network/MockAPIService.swift -primary-file /Users/sergejhlystov/ALADDIN_NEW/ALADDIN_NEW/mobile_apps/ALADDIN_iOS/Core/Managers/ProtectionSettingsManager.swift -primary-file /Users/sergejhlystov/ALADDIN_NEW/ALADDIN_NEW/mobile_apps/ALADDIN_iOS/Screens/ThreatProtectionSettingsScreen.swift -primary-file /Users/sergejhlystov/ALADDIN_NEW/ALADDIN_NEW/mobile_apps/ALADDIN_iOS/Components/ProtectionCategoryRow.swift -primary-file /Users/sergejhlystov/ALADDIN_NEW/ALADDIN_NEW/mobile_apps/ALADDIN_iOS/Shared/Models/ProtectionGroup.swift -primary-file /Users/sergejhlystov/ALADDIN_NEW/ALADDIN_NEW/mobile_apps/ALADDIN_iOS/Core/IoT/IoTSecurityModule.swift -primary-file /Users/sergejhlystov/ALADDIN_NEW/ALADDIN_NEW/mobile_apps/ALADDIN_iOS/Components/ProtectionGroupSection.swift -primary-file /Users/sergejhlystov/ALADDIN_NEW/ALADDIN_NEW/mobile_apps/ALADDIN_iOS/Core/Antivirus/LocalThreatDatabase.swift -primary-file /Users/sergejhlystov/ALADDIN_NEW/ALADDIN_NEW/mobile_apps/ALADDIN_iOS/Shared/Components/Inputs/ALADDINToggle.swift -primary-file /Users/sergejhlystov/ALADDIN_NEW/ALADDIN_NEW/mobile_apps/ALADDIN_iOS/Shared/Components/EmptyStateView.swift -primary-file /Users/sergejhlystov/ALADDIN_NEW/ALADDIN_NEW/mobile_apps/ALADDIN_iOS/Shared/Components/Chat/TypingIndicatorView.swift -primary-file /Users/sergejhlystov/ALADDIN_NEW/ALADDIN_NEW/mobile_apps/ALADDIN_iOS/Core/Security/JWTTokenManager.swift -primary-file /Users/sergejhlystov/ALADDIN_NEW/ALADDIN_NEW/mobile_apps/ALADDIN_iOS/Components/ThreatItemRow.swift -supplementary-output-file-map /Users/sergejhlystov/Library/Developer/Xcode/DerivedData/ALADDIN-eahryzmutvtbyceygnlyjsmiiaha/Build/Intermediates.noindex/ALADDIN.build/Debug-iphonesimulator/ALADDIN.build/Objects-normal/x86_64/supplementaryOutputs-8 -target x86_64-apple-ios15.2-simulator -enable-objc-interop -sdk /Applications/Xcode.app/Contents/Developer/Platforms/iPhoneSimulator.platform/Developer/SDKs/iPhoneSimulator15.2.sdk -I /Users/sergejhlystov/Library/Developer/Xcode/DerivedData/ALADDIN-eahryzmutvtbyceygnlyjsmiiaha/Build/Products/Debug-iphonesimulator -F /Users/sergejhlystov/Library/Developer/Xcode/DerivedData/ALADDIN-eahryzmutvtbyceygnlyjsmiiaha/Build/Products/Debug-iphonesimulator -no-color-diagnostics -enable-testing -g -module-cache-path /Users/sergejhlystov/Library/Developer/Xcode/DerivedData/ModuleCache.noindex -emit-localized-strings -emit-localized-strings-path /Users/sergejhlystov/Library/Developer/Xcode/DerivedData/ALADDIN-eahryzmutvtbyceygnlyjsmiiaha/Build/Intermediates.noindex/ALADDIN.build/Debug-iphonesimulator/ALADDIN.build/Objects-normal/x86_64 -swift-version 5 -enforce-exclusivity\=checked -Onone -D DEBUG -serialize-debugging-options -Xcc -working-directory -Xcc /Users/sergejhlystov/ALADDIN_NEW/ALADDIN_NEW/mobile_apps/ALADDIN_iOS -resource-dir /Applications/Xcode.app/Contents/Developer/Toolchains/XcodeDefault.xctoolchain/usr/lib/swift -enable-anonymous-context-mangled-names -Xcc -I/Users/sergejhlystov/Library/Developer/Xcode/DerivedData/ALADDIN-eahryzmutvtbyceygnlyjsmiiaha/Build/Intermediates.noindex/ALADDIN.build/Debug-iphonesimulator/ALADDIN.build/swift-overrides.hmap -Xcc -iquote -Xcc /Users/sergejhlystov/Library/Developer/Xcode/DerivedData/ALADDIN-eahryzmutvtbyceygnlyjsmiiaha/Build/Intermediates.noindex/ALADDIN.build/Debug-iphonesimulator/ALADDIN.build/ALADDIN-generated-files.hmap -Xcc -I/Users/sergejhlystov/Library/Developer/Xcode/DerivedData/ALADDIN-eahryzmutvtbyceygnlyjsmiiaha/Build/Intermediates.noindex/ALADDIN.build/Debug-iphonesimulator/ALADDIN.build/ALADDIN-own-target-headers.hmap -Xcc -I/Users/sergejhlystov/Library/Developer/Xcode/DerivedData/ALADDIN-eahryzmutvtbyceygnlyjsmiiaha/Build/Intermediates.noindex/ALADDIN.build/Debug-iphonesimulator/ALADDIN.build/ALADDIN-all-target-headers.hmap -Xcc -iquote -Xcc /Users/sergejhlystov/Library/Developer/Xcode/DerivedData/ALADDIN-eahryzmutvtbyceygnlyjsmiiaha/Build/Intermediates.noindex/ALADDIN.build/Debug-iphonesimulator/ALADDIN.build/ALADDIN-project-headers.hmap -Xcc -I/Users/sergejhlystov/Library/Developer/Xcode/DerivedData/ALADDIN-eahryzmutvtbyceygnlyjsmiiaha/Build/Products/Debug-iphonesimulator/include -Xcc -I/Users/sergejhlystov/Library/Developer/Xcode/DerivedData/ALADDIN-eahryzmutvtbyceygnlyjsmiiaha/Build/Intermediates.noindex/ALADDIN.build/Debug-iphonesimulator/ALADDIN.build/DerivedSources-normal/x86_64 -Xcc -I/Users/sergejhlystov/Library/Developer/Xcode/DerivedData/ALADDIN-eahryzmutvtbyceygnlyjsmiiaha/Build/Intermediates.noindex/ALADDIN.build/Debug-iphonesimulator/ALADDIN.build/DerivedSources/x86_64 -Xcc -I/Users/sergejhlystov/Library/Developer/Xcode/DerivedData/ALADDIN-eahryzmutvtbyceygnlyjsmiiaha/Build/Intermediates.noindex/ALADDIN.build/Debug-iphonesimulator/ALADDIN.build/DerivedSources -Xcc -DDEBUG\=1 -module-name ALADDIN -target-sdk-version 15.2.0 -o /Users/sergejhlystov/Library/Developer/Xcode/DerivedData/ALADDIN-eahryzmutvtbyceygnlyjsmiiaha/Build/Intermediates.noindex/ALADDIN.build/Debug-iphonesimulator/ALADDIN.build/Objects-normal/x86_64/PushNotificationService.o -o /Users/sergejhlystov/Library/Developer/Xcode/DerivedData/ALADDIN-eahryzmutvtbyceygnlyjsmiiaha/Build/Intermediates.noindex/ALADDIN.build/Debug-iphonesimulator/ALADDIN.build/Objects-normal/x86_64/AddMemberOptionsScreen.o -o /Users/sergejhlystov/Library/Developer/Xcode/DerivedData/ALADDIN-eahryzmutvtbyceygnlyjsmiiaha/Build/Intermediates.noindex/ALADDIN.build/Debug-iphonesimulator/ALADDIN.build/Objects-normal/x86_64/RemoteAnalyticsService.o -o /Users/sergejhlystov/Library/Developer/Xcode/DerivedData/ALADDIN-eahryzmutvtbyceygnlyjsmiiaha/Build/Intermediates.noindex/ALADDIN.build/Debug-iphonesimulator/ALADDIN.build/Objects-normal/x86_64/ProfileImageManager.o -o /Users/sergejhlystov/Library/Developer/Xcode/DerivedData/ALADDIN-eahryzmutvtbyceygnlyjsmiiaha/Build/Intermediates.noindex/ALADDIN.build/Debug-iphonesimulator/ALADDIN.build/Objects-normal/x86_64/RewardModels.o -o /Users/sergejhlystov/Library/Developer/Xcode/DerivedData/ALADDIN-eahryzmutvtbyceygnlyjsmiiaha/Build/Intermediates.noindex/ALADDIN.build/Debug-iphonesimulator/ALADDIN.build/Objects-normal/x86_64/ChildRewardsViewModel.o -o /Users/sergejhlystov/Library/Developer/Xcode/DerivedData/ALADDIN-eahryzmutvtbyceygnlyjsmiiaha/Build/Intermediates.noindex/ALADDIN.build/Debug-iphonesimulator/ALADDIN.build/Objects-normal/x86_64/AntivirusManager.o -o /Users/sergejhlystov/Library/Developer/Xcode/DerivedData/ALADDIN-eahryzmutvtbyceygnlyjsmiiaha/Build/Intermediates.noindex/ALADDIN.build/Debug-iphonesimulator/ALADDIN.build/Objects-normal/x86_64/MockAPIService.o -o /Users/sergejhlystov/Library/Developer/Xcode/DerivedData/ALADDIN-eahryzmutvtbyceygnlyjsmiiaha/Build/Intermediates.noindex/ALADDIN.build/Debug-iphonesimulator/ALADDIN.build/Objects-normal/x86_64/ProtectionSettingsManager.o -o /Users/sergejhlystov/Library/Developer/Xcode/DerivedData/ALADDIN-eahryzmutvtbyceygnlyjsmiiaha/Build/Intermediates.noindex/ALADDIN.build/Debug-iphonesimulator/ALADDIN.build/Objects-normal/x86_64/ThreatProtectionSettingsScreen.o -o /Users/sergejhlystov/Library/Developer/Xcode/DerivedData/ALADDIN-eahryzmutvtbyceygnlyjsmiiaha/Build/Intermediates.noindex/ALADDIN.build/Debug-iphonesimulator/ALADDIN.build/Objects-normal/x86_64/ProtectionCategoryRow.o -o /Users/sergejhlystov/Library/Developer/Xcode/DerivedData/ALADDIN-eahryzmutvtbyceygnlyjsmiiaha/Build/Intermediates.noindex/ALADDIN.build/Debug-iphonesimulator/ALADDIN.build/Objects-normal/x86_64/ProtectionGroup.o -o /Users/sergejhlystov/Library/Developer/Xcode/DerivedData/ALADDIN-eahryzmutvtbyceygnlyjsmiiaha/Build/Intermediates.noindex/ALADDIN.build/Debug-iphonesimulator/ALADDIN.build/Objects-normal/x86_64/IoTSecurityModule.o -o /Users/sergejhlystov/Library/Developer/Xcode/DerivedData/ALADDIN-eahryzmutvtbyceygnlyjsmiiaha/Build/Intermediates.noindex/ALADDIN.build/Debug-iphonesimulator/ALADDIN.build/Objects-normal/x86_64/ProtectionGroupSection.o -o /Users/sergejhlystov/Library/Developer/Xcode/DerivedData/ALADDIN-eahryzmutvtbyceygnlyjsmiiaha/Build/Intermediates.noindex/ALADDIN.build/Debug-iphonesimulator/ALADDIN.build/Objects-normal/x86_64/LocalThreatDatabase.o -o /Users/sergejhlystov/Library/Developer/Xcode/DerivedData/ALADDIN-eahryzmutvtbyceygnlyjsmiiaha/Build/Intermediates.noindex/ALADDIN.build/Debug-iphonesimulator/ALADDIN.build/Objects-normal/x86_64/ALADDINToggle.o -o /Users/sergejhlystov/Library/Developer/Xcode/DerivedData/ALADDIN-eahryzmutvtbyceygnlyjsmiiaha/Build/Intermediates.noindex/ALADDIN.build/Debug-iphonesimulator/ALADDIN.build/Objects-normal/x86_64/EmptyStateView.o -o /Users/sergejhlystov/Library/Developer/Xcode/DerivedData/ALADDIN-eahryzmutvtbyceygnlyjsmiiaha/Build/Intermediates.noindex/ALADDIN.build/Debug-iphonesimulator/ALADDIN.build/Objects-normal/x86_64/TypingIndicatorView.o -o /Users/sergejhlystov/Library/Developer/Xcode/DerivedData/ALADDIN-eahryzmutvtbyceygnlyjsmiiaha/Build/Intermediates.noindex/ALADDIN.build/Debug-iphonesimulator/ALADDIN.build/Objects-normal/x86_64/JWTTokenManager.o -o /Users/sergejhlystov/Library/Developer/Xcode/DerivedData/ALADDIN-eahryzmutvtbyceygnlyjsmiiaha/Build/Intermediates.noindex/ALADDIN.build/Debug-iphonesimulator/ALADDIN.build/Objects-normal/x86_64/ThreatItemRow.o -index-store-path /Users/sergejhlystov/Library/Developer/Xcode/DerivedData/ALADDIN-eahryzmutvtbyceygnlyjsmiiaha/Index/DataStore -index-system-modules

SwiftDriverJob-Compile normal x86_64 Compiling\ CacheManager.swift,\ SharedDataManager.swift,\ ProtectionFeature.swift,\ ProtectionLevelHistory.swift,\ VoiceMessagePlayer.swift,\ NotificationsViewModel.swift,\ 06_AIAssistantScreen.swift,\ RewardsQuickModal.swift,\ AdvancedProtectionSettingsScreen.swift,\ FamilyChatOfflineManager.swift,\ ProfileViewModel.swift,\ ConsentModal.swift,\ ParentalControlViewModel.swift,\ OnboardingViewModel.swift,\ Colors.swift,\ ChildRewardsScreen.swift,\ ChildGoalEditorView.swift,\ RecoveryCodeStorageManager.swift,\ 21_ReferralScreen.swift,\ AvatarSelector.swift,\ MotivationBanner.swift /Users/sergejhlystov/ALADDIN_NEW/ALADDIN_NEW/mobile_apps/ALADDIN_iOS/Core/Cache/CacheManager.swift /Users/sergejhlystov/ALADDIN_NEW/ALADDIN_NEW/mobile_apps/ALADDIN_iOS/ALADDINWidgets/SharedDataManager.swift /Users/sergejhlystov/ALADDIN_NEW/ALADDIN_NEW/mobile_apps/ALADDIN_iOS/Core/Models/ProtectionFeature.swift /Users/sergejhlystov/ALADDIN_NEW/ALADDIN_NEW/mobile_apps/ALADDIN_iOS/Core/Models/ProtectionLevelHistory.swift /Users/sergejhlystov/ALADDIN_NEW/ALADDIN_NEW/mobile_apps/ALADDIN_iOS/Core/Audio/VoiceMessagePlayer.swift /Users/sergejhlystov/ALADDIN_NEW/ALADDIN_NEW/mobile_apps/ALADDIN_iOS/ViewModels/NotificationsViewModel.swift /Users/sergejhlystov/ALADDIN_NEW/ALADDIN_NEW/mobile_apps/ALADDIN_iOS/Screens/06_AIAssistantScreen.swift /Users/sergejhlystov/ALADDIN_NEW/ALADDIN_NEW/mobile_apps/ALADDIN_iOS/Components/Modals/RewardsQuickModal.swift /Users/sergejhlystov/ALADDIN_NEW/ALADDIN_NEW/mobile_apps/ALADDIN_iOS/Screens/AdvancedProtectionSettingsScreen.swift /Users/sergejhlystov/ALADDIN_NEW/ALADDIN_NEW/mobile_apps/ALADDIN_iOS/Core/Chat/FamilyChatOfflineManager.swift /Users/sergejhlystov/ALADDIN_NEW/ALADDIN_NEW/mobile_apps/ALADDIN_iOS/ViewModels/ProfileViewModel.swift /Users/sergejhlystov/ALADDIN_NEW/ALADDIN_NEW/mobile_apps/ALADDIN_iOS/Components/Modals/ConsentModal.swift /Users/sergejhlystov/ALADDIN_NEW/ALADDIN_NEW/mobile_apps/ALADDIN_iOS/ViewModels/ParentalControlViewModel.swift /Users/sergejhlystov/ALADDIN_NEW/ALADDIN_NEW/mobile_apps/ALADDIN_iOS/ViewModels/OnboardingViewModel.swift /Users/sergejhlystov/ALADDIN_NEW/ALADDIN_NEW/mobile_apps/ALADDIN_iOS/Shared/Styles/Colors.swift /Users/sergejhlystov/ALADDIN_NEW/ALADDIN_NEW/mobile_apps/ALADDIN_iOS/Screens/ChildRewardsScreen.swift /Users/sergejhlystov/ALADDIN_NEW/ALADDIN_NEW/mobile_apps/ALADDIN_iOS/Screens/ChildGoalEditorView.swift /Users/sergejhlystov/ALADDIN_NEW/ALADDIN_NEW/mobile_apps/ALADDIN_iOS/Core/Security/RecoveryCodeStorageManager.swift /Users/sergejhlystov/ALADDIN_NEW/ALADDIN_NEW/mobile_apps/ALADDIN_iOS/Screens/21_ReferralScreen.swift /Users/sergejhlystov/ALADDIN_NEW/ALADDIN_NEW/mobile_apps/ALADDIN_iOS/Shared/Components/AvatarSelector.swift /Users/sergejhlystov/ALADDIN_NEW/ALADDIN_NEW/mobile_apps/ALADDIN_iOS/Components/MotivationBanner.swift (in target 'ALADDIN' from project 'ALADDIN')
    cd /Users/sergejhlystov/ALADDIN_NEW/ALADDIN_NEW/mobile_apps/ALADDIN_iOS
    export DEVELOPER_DIR\=/Applications/Xcode.app/Contents/Developer
    export SDKROOT\=/Applications/Xcode.app/Contents/Developer/Platforms/iPhoneSimulator.platform/Developer/SDKs/iPhoneSimulator15.2.sdk
    builtin-swiftDriverJobExecution -- /Applications/Xcode.app/Contents/Developer/Toolchains/XcodeDefault.xctoolchain/usr/bin/swift-frontend -frontend -c -filelist /Users/sergejhlystov/Library/Developer/Xcode/DerivedData/ALADDIN-eahryzmutvtbyceygnlyjsmiiaha/Build/Intermediates.noindex/ALADDIN.build/Debug-iphonesimulator/ALADDIN.build/Objects-normal/x86_64/sources-1 -primary-file /Users/sergejhlystov/ALADDIN_NEW/ALADDIN_NEW/mobile_apps/ALADDIN_iOS/Core/Cache/CacheManager.swift -primary-file /Users/sergejhlystov/ALADDIN_NEW/ALADDIN_NEW/mobile_apps/ALADDIN_iOS/ALADDINWidgets/SharedDataManager.swift -primary-file /Users/sergejhlystov/ALADDIN_NEW/ALADDIN_NEW/mobile_apps/ALADDIN_iOS/Core/Models/ProtectionFeature.swift -primary-file /Users/sergejhlystov/ALADDIN_NEW/ALADDIN_NEW/mobile_apps/ALADDIN_iOS/Core/Models/ProtectionLevelHistory.swift -primary-file /Users/sergejhlystov/ALADDIN_NEW/ALADDIN_NEW/mobile_apps/ALADDIN_iOS/Core/Audio/VoiceMessagePlayer.swift -primary-file /Users/sergejhlystov/ALADDIN_NEW/ALADDIN_NEW/mobile_apps/ALADDIN_iOS/ViewModels/NotificationsViewModel.swift -primary-file /Users/sergejhlystov/ALADDIN_NEW/ALADDIN_NEW/mobile_apps/ALADDIN_iOS/Screens/06_AIAssistantScreen.swift -primary-file /Users/sergejhlystov/ALADDIN_NEW/ALADDIN_NEW/mobile_apps/ALADDIN_iOS/Components/Modals/RewardsQuickModal.swift -primary-file /Users/sergejhlystov/ALADDIN_NEW/ALADDIN_NEW/mobile_apps/ALADDIN_iOS/Screens/AdvancedProtectionSettingsScreen.swift -primary-file /Users/sergejhlystov/ALADDIN_NEW/ALADDIN_NEW/mobile_apps/ALADDIN_iOS/Core/Chat/FamilyChatOfflineManager.swift -primary-file /Users/sergejhlystov/ALADDIN_NEW/ALADDIN_NEW/mobile_apps/ALADDIN_iOS/ViewModels/ProfileViewModel.swift -primary-file /Users/sergejhlystov/ALADDIN_NEW/ALADDIN_NEW/mobile_apps/ALADDIN_iOS/Components/Modals/ConsentModal.swift -primary-file /Users/sergejhlystov/ALADDIN_NEW/ALADDIN_NEW/mobile_apps/ALADDIN_iOS/ViewModels/ParentalControlViewModel.swift -primary-file /Users/sergejhlystov/ALADDIN_NEW/ALADDIN_NEW/mobile_apps/ALADDIN_iOS/ViewModels/OnboardingViewModel.swift -primary-file /Users/sergejhlystov/ALADDIN_NEW/ALADDIN_NEW/mobile_apps/ALADDIN_iOS/Shared/Styles/Colors.swift -primary-file /Users/sergejhlystov/ALADDIN_NEW/ALADDIN_NEW/mobile_apps/ALADDIN_iOS/Screens/ChildRewardsScreen.swift -primary-file /Users/sergejhlystov/ALADDIN_NEW/ALADDIN_NEW/mobile_apps/ALADDIN_iOS/Screens/ChildGoalEditorView.swift -primary-file /Users/sergejhlystov/ALADDIN_NEW/ALADDIN_NEW/mobile_apps/ALADDIN_iOS/Core/Security/RecoveryCodeStorageManager.swift -primary-file /Users/sergejhlystov/ALADDIN_NEW/ALADDIN_NEW/mobile_apps/ALADDIN_iOS/Screens/21_ReferralScreen.swift -primary-file /Users/sergejhlystov/ALADDIN_NEW/ALADDIN_NEW/mobile_apps/ALADDIN_iOS/Shared/Components/AvatarSelector.swift -primary-file /Users/sergejhlystov/ALADDIN_NEW/ALADDIN_NEW/mobile_apps/ALADDIN_iOS/Components/MotivationBanner.swift -supplementary-output-file-map /Users/sergejhlystov/Library/Developer/Xcode/DerivedData/ALADDIN-eahryzmutvtbyceygnlyjsmiiaha/Build/Intermediates.noindex/ALADDIN.build/Debug-iphonesimulator/ALADDIN.build/Objects-normal/x86_64/supplementaryOutputs-4 -target x86_64-apple-ios15.2-simulator -enable-objc-interop -sdk /Applications/Xcode.app/Contents/Developer/Platforms/iPhoneSimulator.platform/Developer/SDKs/iPhoneSimulator15.2.sdk -I /Users/sergejhlystov/Library/Developer/Xcode/DerivedData/ALADDIN-eahryzmutvtbyceygnlyjsmiiaha/Build/Products/Debug-iphonesimulator -F /Users/sergejhlystov/Library/Developer/Xcode/DerivedData/ALADDIN-eahryzmutvtbyceygnlyjsmiiaha/Build/Products/Debug-iphonesimulator -no-color-diagnostics -enable-testing -g -module-cache-path /Users/sergejhlystov/Library/Developer/Xcode/DerivedData/ModuleCache.noindex -emit-localized-strings -emit-localized-strings-path /Users/sergejhlystov/Library/Developer/Xcode/DerivedData/ALADDIN-eahryzmutvtbyceygnlyjsmiiaha/Build/Intermediates.noindex/ALADDIN.build/Debug-iphonesimulator/ALADDIN.build/Objects-normal/x86_64 -swift-version 5 -enforce-exclusivity\=checked -Onone -D DEBUG -serialize-debugging-options -Xcc -working-directory -Xcc /Users/sergejhlystov/ALADDIN_NEW/ALADDIN_NEW/mobile_apps/ALADDIN_iOS -resource-dir /Applications/Xcode.app/Contents/Developer/Toolchains/XcodeDefault.xctoolchain/usr/lib/swift -enable-anonymous-context-mangled-names -Xcc -I/Users/sergejhlystov/Library/Developer/Xcode/DerivedData/ALADDIN-eahryzmutvtbyceygnlyjsmiiaha/Build/Intermediates.noindex/ALADDIN.build/Debug-iphonesimulator/ALADDIN.build/swift-overrides.hmap -Xcc -iquote -Xcc /Users/sergejhlystov/Library/Developer/Xcode/DerivedData/ALADDIN-eahryzmutvtbyceygnlyjsmiiaha/Build/Intermediates.noindex/ALADDIN.build/Debug-iphonesimulator/ALADDIN.build/ALADDIN-generated-files.hmap -Xcc -I/Users/sergejhlystov/Library/Developer/Xcode/DerivedData/ALADDIN-eahryzmutvtbyceygnlyjsmiiaha/Build/Intermediates.noindex/ALADDIN.build/Debug-iphonesimulator/ALADDIN.build/ALADDIN-own-target-headers.hmap -Xcc -I/Users/sergejhlystov/Library/Developer/Xcode/DerivedData/ALADDIN-eahryzmutvtbyceygnlyjsmiiaha/Build/Intermediates.noindex/ALADDIN.build/Debug-iphonesimulator/ALADDIN.build/ALADDIN-all-target-headers.hmap -Xcc -iquote -Xcc /Users/sergejhlystov/Library/Developer/Xcode/DerivedData/ALADDIN-eahryzmutvtbyceygnlyjsmiiaha/Build/Intermediates.noindex/ALADDIN.build/Debug-iphonesimulator/ALADDIN.build/ALADDIN-project-headers.hmap -Xcc -I/Users/sergejhlystov/Library/Developer/Xcode/DerivedData/ALADDIN-eahryzmutvtbyceygnlyjsmiiaha/Build/Products/Debug-iphonesimulator/include -Xcc -I/Users/sergejhlystov/Library/Developer/Xcode/DerivedData/ALADDIN-eahryzmutvtbyceygnlyjsmiiaha/Build/Intermediates.noindex/ALADDIN.build/Debug-iphonesimulator/ALADDIN.build/DerivedSources-normal/x86_64 -Xcc -I/Users/sergejhlystov/Library/Developer/Xcode/DerivedData/ALADDIN-eahryzmutvtbyceygnlyjsmiiaha/Build/Intermediates.noindex/ALADDIN.build/Debug-iphonesimulator/ALADDIN.build/DerivedSources/x86_64 -Xcc -I/Users/sergejhlystov/Library/Developer/Xcode/DerivedData/ALADDIN-eahryzmutvtbyceygnlyjsmiiaha/Build/Intermediates.noindex/ALADDIN.build/Debug-iphonesimulator/ALADDIN.build/DerivedSources -Xcc -DDEBUG\=1 -module-name ALADDIN -target-sdk-version 15.2.0 -o /Users/sergejhlystov/Library/Developer/Xcode/DerivedData/ALADDIN-eahryzmutvtbyceygnlyjsmiiaha/Build/Intermediates.noindex/ALADDIN.build/Debug-iphonesimulator/ALADDIN.build/Objects-normal/x86_64/CacheManager.o -o /Users/sergejhlystov/Library/Developer/Xcode/DerivedData/ALADDIN-eahryzmutvtbyceygnlyjsmiiaha/Build/Intermediates.noindex/ALADDIN.build/Debug-iphonesimulator/ALADDIN.build/Objects-normal/x86_64/SharedDataManager.o -o /Users/sergejhlystov/Library/Developer/Xcode/DerivedData/ALADDIN-eahryzmutvtbyceygnlyjsmiiaha/Build/Intermediates.noindex/ALADDIN.build/Debug-iphonesimulator/ALADDIN.build/Objects-normal/x86_64/ProtectionFeature.o -o /Users/sergejhlystov/Library/Developer/Xcode/DerivedData/ALADDIN-eahryzmutvtbyceygnlyjsmiiaha/Build/Intermediates.noindex/ALADDIN.build/Debug-iphonesimulator/ALADDIN.build/Objects-normal/x86_64/ProtectionLevelHistory.o -o /Users/sergejhlystov/Library/Developer/Xcode/DerivedData/ALADDIN-eahryzmutvtbyceygnlyjsmiiaha/Build/Intermediates.noindex/ALADDIN.build/Debug-iphonesimulator/ALADDIN.build/Objects-normal/x86_64/VoiceMessagePlayer.o -o /Users/sergejhlystov/Library/Developer/Xcode/DerivedData/ALADDIN-eahryzmutvtbyceygnlyjsmiiaha/Build/Intermediates.noindex/ALADDIN.build/Debug-iphonesimulator/ALADDIN.build/Objects-normal/x86_64/NotificationsViewModel.o -o /Users/sergejhlystov/Library/Developer/Xcode/DerivedData/ALADDIN-eahryzmutvtbyceygnlyjsmiiaha/Build/Intermediates.noindex/ALADDIN.build/Debug-iphonesimulator/ALADDIN.build/Objects-normal/x86_64/06_AIAssistantScreen.o -o /Users/sergejhlystov/Library/Developer/Xcode/DerivedData/ALADDIN-eahryzmutvtbyceygnlyjsmiiaha/Build/Intermediates.noindex/ALADDIN.build/Debug-iphonesimulator/ALADDIN.build/Objects-normal/x86_64/RewardsQuickModal.o -o /Users/sergejhlystov/Library/Developer/Xcode/DerivedData/ALADDIN-eahryzmutvtbyceygnlyjsmiiaha/Build/Intermediates.noindex/ALADDIN.build/Debug-iphonesimulator/ALADDIN.build/Objects-normal/x86_64/AdvancedProtectionSettingsScreen.o -o /Users/sergejhlystov/Library/Developer/Xcode/DerivedData/ALADDIN-eahryzmutvtbyceygnlyjsmiiaha/Build/Intermediates.noindex/ALADDIN.build/Debug-iphonesimulator/ALADDIN.build/Objects-normal/x86_64/FamilyChatOfflineManager.o -o /Users/sergejhlystov/Library/Developer/Xcode/DerivedData/ALADDIN-eahryzmutvtbyceygnlyjsmiiaha/Build/Intermediates.noindex/ALADDIN.build/Debug-iphonesimulator/ALADDIN.build/Objects-normal/x86_64/ProfileViewModel.o -o /Users/sergejhlystov/Library/Developer/Xcode/DerivedData/ALADDIN-eahryzmutvtbyceygnlyjsmiiaha/Build/Intermediates.noindex/ALADDIN.build/Debug-iphonesimulator/ALADDIN.build/Objects-normal/x86_64/ConsentModal.o -o /Users/sergejhlystov/Library/Developer/Xcode/DerivedData/ALADDIN-eahryzmutvtbyceygnlyjsmiiaha/Build/Intermediates.noindex/ALADDIN.build/Debug-iphonesimulator/ALADDIN.build/Objects-normal/x86_64/ParentalControlViewModel.o -o /Users/sergejhlystov/Library/Developer/Xcode/DerivedData/ALADDIN-eahryzmutvtbyceygnlyjsmiiaha/Build/Intermediates.noindex/ALADDIN.build/Debug-iphonesimulator/ALADDIN.build/Objects-normal/x86_64/OnboardingViewModel.o -o /Users/sergejhlystov/Library/Developer/Xcode/DerivedData/ALADDIN-eahryzmutvtbyceygnlyjsmiiaha/Build/Intermediates.noindex/ALADDIN.build/Debug-iphonesimulator/ALADDIN.build/Objects-normal/x86_64/Colors.o -o /Users/sergejhlystov/Library/Developer/Xcode/DerivedData/ALADDIN-eahryzmutvtbyceygnlyjsmiiaha/Build/Intermediates.noindex/ALADDIN.build/Debug-iphonesimulator/ALADDIN.build/Objects-normal/x86_64/ChildRewardsScreen.o -o /Users/sergejhlystov/Library/Developer/Xcode/DerivedData/ALADDIN-eahryzmutvtbyceygnlyjsmiiaha/Build/Intermediates.noindex/ALADDIN.build/Debug-iphonesimulator/ALADDIN.build/Objects-normal/x86_64/ChildGoalEditorView.o -o /Users/sergejhlystov/Library/Developer/Xcode/DerivedData/ALADDIN-eahryzmutvtbyceygnlyjsmiiaha/Build/Intermediates.noindex/ALADDIN.build/Debug-iphonesimulator/ALADDIN.build/Objects-normal/x86_64/RecoveryCodeStorageManager.o -o /Users/sergejhlystov/Library/Developer/Xcode/DerivedData/ALADDIN-eahryzmutvtbyceygnlyjsmiiaha/Build/Intermediates.noindex/ALADDIN.build/Debug-iphonesimulator/ALADDIN.build/Objects-normal/x86_64/21_ReferralScreen.o -o /Users/sergejhlystov/Library/Developer/Xcode/DerivedData/ALADDIN-eahryzmutvtbyceygnlyjsmiiaha/Build/Intermediates.noindex/ALADDIN.build/Debug-iphonesimulator/ALADDIN.build/Objects-normal/x86_64/AvatarSelector.o -o /Users/sergejhlystov/Library/Developer/Xcode/DerivedData/ALADDIN-eahryzmutvtbyceygnlyjsmiiaha/Build/Intermediates.noindex/ALADDIN.build/Debug-iphonesimulator/ALADDIN.build/Objects-normal/x86_64/MotivationBanner.o -index-store-path /Users/sergejhlystov/Library/Developer/Xcode/DerivedData/ALADDIN-eahryzmutvtbyceygnlyjsmiiaha/Index/DataStore -index-system-modules
/Users/sergejhlystov/ALADDIN_NEW/ALADDIN_NEW/mobile_apps/ALADDIN_iOS/Core/Chat/FamilyChatOfflineManager.swift:32:9: warning: result of call to 'loadPendingMessages()' is unused
        loadPendingMessages()
        ^                  ~~

SwiftDriverJob-Compile normal x86_64 Compiling\ ChildRewardsSettingsModal.swift,\ APIModels.swift,\ NetworkProtectionManager.swift,\ UnicornPetView.swift,\ APIService.swift,\ 18_PrivacyPolicyScreen.swift,\ 10_TariffsScreen.swift,\ 09_ElderlyInterfaceScreen.swift,\ 11_ProfileScreen.swift,\ NetworkManager.swift,\ 19_TermsOfServiceScreen.swift,\ AppConfig.swift,\ FamilyViewModel.swift,\ AIAssistantViewModel.swift,\ 22_DeviceDetailScreen.swift,\ WidgetConfigurationScreen.swift,\ FamilyChatWebSocket.swift,\ SecurityEducationScreen.swift,\ KeychainManager.swift,\ MemberStatsModalView.swift,\ AddMemberOptionsModal.swift /Users/sergejhlystov/ALADDIN_NEW/ALADDIN_NEW/mobile_apps/ALADDIN_iOS/Components/Modals/ChildRewardsSettingsModal.swift /Users/sergejhlystov/ALADDIN_NEW/ALADDIN_NEW/mobile_apps/ALADDIN_iOS/Core/Models/APIModels.swift /Users/sergejhlystov/ALADDIN_NEW/ALADDIN_NEW/mobile_apps/ALADDIN_iOS/Core/NetworkProtection/NetworkProtectionManager.swift /Users/sergejhlystov/ALADDIN_NEW/ALADDIN_NEW/mobile_apps/ALADDIN_iOS/Screens/UnicornPetView.swift /Users/sergejhlystov/ALADDIN_NEW/ALADDIN_NEW/mobile_apps/ALADDIN_iOS/Core/Network/APIService.swift /Users/sergejhlystov/ALADDIN_NEW/ALADDIN_NEW/mobile_apps/ALADDIN_iOS/Screens/18_PrivacyPolicyScreen.swift /Users/sergejhlystov/ALADDIN_NEW/ALADDIN_NEW/mobile_apps/ALADDIN_iOS/Screens/10_TariffsScreen.swift /Users/sergejhlystov/ALADDIN_NEW/ALADDIN_NEW/mobile_apps/ALADDIN_iOS/Screens/09_ElderlyInterfaceScreen.swift /Users/sergejhlystov/ALADDIN_NEW/ALADDIN_NEW/mobile_apps/ALADDIN_iOS/Screens/11_ProfileScreen.swift /Users/sergejhlystov/ALADDIN_NEW/ALADDIN_NEW/mobile_apps/ALADDIN_iOS/Core/Network/NetworkManager.swift /Users/sergejhlystov/ALADDIN_NEW/ALADDIN_NEW/mobile_apps/ALADDIN_iOS/Screens/19_TermsOfServiceScreen.swift /Users/sergejhlystov/ALADDIN_NEW/ALADDIN_NEW/mobile_apps/ALADDIN_iOS/Core/Config/AppConfig.swift /Users/sergejhlystov/ALADDIN_NEW/ALADDIN_NEW/mobile_apps/ALADDIN_iOS/ViewModels/FamilyViewModel.swift /Users/sergejhlystov/ALADDIN_NEW/ALADDIN_NEW/mobile_apps/ALADDIN_iOS/ViewModels/AIAssistantViewModel.swift /Users/sergejhlystov/ALADDIN_NEW/ALADDIN_NEW/mobile_apps/ALADDIN_iOS/Screens/22_DeviceDetailScreen.swift /Users/sergejhlystov/ALADDIN_NEW/ALADDIN_NEW/mobile_apps/ALADDIN_iOS/Screens/WidgetConfigurationScreen.swift /Users/sergejhlystov/ALADDIN_NEW/ALADDIN_NEW/mobile_apps/ALADDIN_iOS/Core/Network/FamilyChatWebSocket.swift /Users/sergejhlystov/ALADDIN_NEW/ALADDIN_NEW/mobile_apps/ALADDIN_iOS/Screens/SecurityEducationScreen.swift /Users/sergejhlystov/ALADDIN_NEW/ALADDIN_NEW/mobile_apps/ALADDIN_iOS/Core/Security/KeychainManager.swift /Users/sergejhlystov/ALADDIN_NEW/ALADDIN_NEW/mobile_apps/ALADDIN_iOS/Shared/Components/Modals/MemberStatsModalView.swift /Users/sergejhlystov/ALADDIN_NEW/ALADDIN_NEW/mobile_apps/ALADDIN_iOS/Shared/Components/Modals/AddMemberOptionsModal.swift (in target 'ALADDIN' from project 'ALADDIN')
    cd /Users/sergejhlystov/ALADDIN_NEW/ALADDIN_NEW/mobile_apps/ALADDIN_iOS
    export DEVELOPER_DIR\=/Applications/Xcode.app/Contents/Developer
    export SDKROOT\=/Applications/Xcode.app/Contents/Developer/Platforms/iPhoneSimulator.platform/Developer/SDKs/iPhoneSimulator15.2.sdk
    builtin-swiftDriverJobExecution -- /Applications/Xcode.app/Contents/Developer/Toolchains/XcodeDefault.xctoolchain/usr/bin/swift-frontend -frontend -c -filelist /Users/sergejhlystov/Library/Developer/Xcode/DerivedData/ALADDIN-eahryzmutvtbyceygnlyjsmiiaha/Build/Intermediates.noindex/ALADDIN.build/Debug-iphonesimulator/ALADDIN.build/Objects-normal/x86_64/sources-1 -primary-file /Users/sergejhlystov/ALADDIN_NEW/ALADDIN_NEW/mobile_apps/ALADDIN_iOS/Components/Modals/ChildRewardsSettingsModal.swift -primary-file /Users/sergejhlystov/ALADDIN_NEW/ALADDIN_NEW/mobile_apps/ALADDIN_iOS/Core/Models/APIModels.swift -primary-file /Users/sergejhlystov/ALADDIN_NEW/ALADDIN_NEW/mobile_apps/ALADDIN_iOS/Core/NetworkProtection/NetworkProtectionManager.swift -primary-file /Users/sergejhlystov/ALADDIN_NEW/ALADDIN_NEW/mobile_apps/ALADDIN_iOS/Screens/UnicornPetView.swift -primary-file /Users/sergejhlystov/ALADDIN_NEW/ALADDIN_NEW/mobile_apps/ALADDIN_iOS/Core/Network/APIService.swift -primary-file /Users/sergejhlystov/ALADDIN_NEW/ALADDIN_NEW/mobile_apps/ALADDIN_iOS/Screens/18_PrivacyPolicyScreen.swift -primary-file /Users/sergejhlystov/ALADDIN_NEW/ALADDIN_NEW/mobile_apps/ALADDIN_iOS/Screens/10_TariffsScreen.swift -primary-file /Users/sergejhlystov/ALADDIN_NEW/ALADDIN_NEW/mobile_apps/ALADDIN_iOS/Screens/09_ElderlyInterfaceScreen.swift -primary-file /Users/sergejhlystov/ALADDIN_NEW/ALADDIN_NEW/mobile_apps/ALADDIN_iOS/Screens/11_ProfileScreen.swift -primary-file /Users/sergejhlystov/ALADDIN_NEW/ALADDIN_NEW/mobile_apps/ALADDIN_iOS/Core/Network/NetworkManager.swift -primary-file /Users/sergejhlystov/ALADDIN_NEW/ALADDIN_NEW/mobile_apps/ALADDIN_iOS/Screens/19_TermsOfServiceScreen.swift -primary-file /Users/sergejhlystov/ALADDIN_NEW/ALADDIN_NEW/mobile_apps/ALADDIN_iOS/Core/Config/AppConfig.swift -primary-file /Users/sergejhlystov/ALADDIN_NEW/ALADDIN_NEW/mobile_apps/ALADDIN_iOS/ViewModels/FamilyViewModel.swift -primary-file /Users/sergejhlystov/ALADDIN_NEW/ALADDIN_NEW/mobile_apps/ALADDIN_iOS/ViewModels/AIAssistantViewModel.swift -primary-file /Users/sergejhlystov/ALADDIN_NEW/ALADDIN_NEW/mobile_apps/ALADDIN_iOS/Screens/22_DeviceDetailScreen.swift -primary-file /Users/sergejhlystov/ALADDIN_NEW/ALADDIN_NEW/mobile_apps/ALADDIN_iOS/Screens/WidgetConfigurationScreen.swift -primary-file /Users/sergejhlystov/ALADDIN_NEW/ALADDIN_NEW/mobile_apps/ALADDIN_iOS/Core/Network/FamilyChatWebSocket.swift -primary-file /Users/sergejhlystov/ALADDIN_NEW/ALADDIN_NEW/mobile_apps/ALADDIN_iOS/Screens/SecurityEducationScreen.swift -primary-file /Users/sergejhlystov/ALADDIN_NEW/ALADDIN_NEW/mobile_apps/ALADDIN_iOS/Core/Security/KeychainManager.swift -primary-file /Users/sergejhlystov/ALADDIN_NEW/ALADDIN_NEW/mobile_apps/ALADDIN_iOS/Shared/Components/Modals/MemberStatsModalView.swift -primary-file /Users/sergejhlystov/ALADDIN_NEW/ALADDIN_NEW/mobile_apps/ALADDIN_iOS/Shared/Components/Modals/AddMemberOptionsModal.swift -supplementary-output-file-map /Users/sergejhlystov/Library/Developer/Xcode/DerivedData/ALADDIN-eahryzmutvtbyceygnlyjsmiiaha/Build/Intermediates.noindex/ALADDIN.build/Debug-iphonesimulator/ALADDIN.build/Objects-normal/x86_64/supplementaryOutputs-2 -target x86_64-apple-ios15.2-simulator -enable-objc-interop -sdk /Applications/Xcode.app/Contents/Developer/Platforms/iPhoneSimulator.platform/Developer/SDKs/iPhoneSimulator15.2.sdk -I /Users/sergejhlystov/Library/Developer/Xcode/DerivedData/ALADDIN-eahryzmutvtbyceygnlyjsmiiaha/Build/Products/Debug-iphonesimulator -F /Users/sergejhlystov/Library/Developer/Xcode/DerivedData/ALADDIN-eahryzmutvtbyceygnlyjsmiiaha/Build/Products/Debug-iphonesimulator -no-color-diagnostics -enable-testing -g -module-cache-path /Users/sergejhlystov/Library/Developer/Xcode/DerivedData/ModuleCache.noindex -emit-localized-strings -emit-localized-strings-path /Users/sergejhlystov/Library/Developer/Xcode/DerivedData/ALADDIN-eahryzmutvtbyceygnlyjsmiiaha/Build/Intermediates.noindex/ALADDIN.build/Debug-iphonesimulator/ALADDIN.build/Objects-normal/x86_64 -swift-version 5 -enforce-exclusivity\=checked -Onone -D DEBUG -serialize-debugging-options -Xcc -working-directory -Xcc /Users/sergejhlystov/ALADDIN_NEW/ALADDIN_NEW/mobile_apps/ALADDIN_iOS -resource-dir /Applications/Xcode.app/Contents/Developer/Toolchains/XcodeDefault.xctoolchain/usr/lib/swift -enable-anonymous-context-mangled-names -Xcc -I/Users/sergejhlystov/Library/Developer/Xcode/DerivedData/ALADDIN-eahryzmutvtbyceygnlyjsmiiaha/Build/Intermediates.noindex/ALADDIN.build/Debug-iphonesimulator/ALADDIN.build/swift-overrides.hmap -Xcc -iquote -Xcc /Users/sergejhlystov/Library/Developer/Xcode/DerivedData/ALADDIN-eahryzmutvtbyceygnlyjsmiiaha/Build/Intermediates.noindex/ALADDIN.build/Debug-iphonesimulator/ALADDIN.build/ALADDIN-generated-files.hmap -Xcc -I/Users/sergejhlystov/Library/Developer/Xcode/DerivedData/ALADDIN-eahryzmutvtbyceygnlyjsmiiaha/Build/Intermediates.noindex/ALADDIN.build/Debug-iphonesimulator/ALADDIN.build/ALADDIN-own-target-headers.hmap -Xcc -I/Users/sergejhlystov/Library/Developer/Xcode/DerivedData/ALADDIN-eahryzmutvtbyceygnlyjsmiiaha/Build/Intermediates.noindex/ALADDIN.build/Debug-iphonesimulator/ALADDIN.build/ALADDIN-all-target-headers.hmap -Xcc -iquote -Xcc /Users/sergejhlystov/Library/Developer/Xcode/DerivedData/ALADDIN-eahryzmutvtbyceygnlyjsmiiaha/Build/Intermediates.noindex/ALADDIN.build/Debug-iphonesimulator/ALADDIN.build/ALADDIN-project-headers.hmap -Xcc -I/Users/sergejhlystov/Library/Developer/Xcode/DerivedData/ALADDIN-eahryzmutvtbyceygnlyjsmiiaha/Build/Products/Debug-iphonesimulator/include -Xcc -I/Users/sergejhlystov/Library/Developer/Xcode/DerivedData/ALADDIN-eahryzmutvtbyceygnlyjsmiiaha/Build/Intermediates.noindex/ALADDIN.build/Debug-iphonesimulator/ALADDIN.build/DerivedSources-normal/x86_64 -Xcc -I/Users/sergejhlystov/Library/Developer/Xcode/DerivedData/ALADDIN-eahryzmutvtbyceygnlyjsmiiaha/Build/Intermediates.noindex/ALADDIN.build/Debug-iphonesimulator/ALADDIN.build/DerivedSources/x86_64 -Xcc -I/Users/sergejhlystov/Library/Developer/Xcode/DerivedData/ALADDIN-eahryzmutvtbyceygnlyjsmiiaha/Build/Intermediates.noindex/ALADDIN.build/Debug-iphonesimulator/ALADDIN.build/DerivedSources -Xcc -DDEBUG\=1 -module-name ALADDIN -target-sdk-version 15.2.0 -o /Users/sergejhlystov/Library/Developer/Xcode/DerivedData/ALADDIN-eahryzmutvtbyceygnlyjsmiiaha/Build/Intermediates.noindex/ALADDIN.build/Debug-iphonesimulator/ALADDIN.build/Objects-normal/x86_64/ChildRewardsSettingsModal.o -o /Users/sergejhlystov/Library/Developer/Xcode/DerivedData/ALADDIN-eahryzmutvtbyceygnlyjsmiiaha/Build/Intermediates.noindex/ALADDIN.build/Debug-iphonesimulator/ALADDIN.build/Objects-normal/x86_64/APIModels.o -o /Users/sergejhlystov/Library/Developer/Xcode/DerivedData/ALADDIN-eahryzmutvtbyceygnlyjsmiiaha/Build/Intermediates.noindex/ALADDIN.build/Debug-iphonesimulator/ALADDIN.build/Objects-normal/x86_64/NetworkProtectionManager.o -o /Users/sergejhlystov/Library/Developer/Xcode/DerivedData/ALADDIN-eahryzmutvtbyceygnlyjsmiiaha/Build/Intermediates.noindex/ALADDIN.build/Debug-iphonesimulator/ALADDIN.build/Objects-normal/x86_64/UnicornPetView.o -o /Users/sergejhlystov/Library/Developer/Xcode/DerivedData/ALADDIN-eahryzmutvtbyceygnlyjsmiiaha/Build/Intermediates.noindex/ALADDIN.build/Debug-iphonesimulator/ALADDIN.build/Objects-normal/x86_64/APIService.o -o /Users/sergejhlystov/Library/Developer/Xcode/DerivedData/ALADDIN-eahryzmutvtbyceygnlyjsmiiaha/Build/Intermediates.noindex/ALADDIN.build/Debug-iphonesimulator/ALADDIN.build/Objects-normal/x86_64/18_PrivacyPolicyScreen.o -o /Users/sergejhlystov/Library/Developer/Xcode/DerivedData/ALADDIN-eahryzmutvtbyceygnlyjsmiiaha/Build/Intermediates.noindex/ALADDIN.build/Debug-iphonesimulator/ALADDIN.build/Objects-normal/x86_64/10_TariffsScreen.o -o /Users/sergejhlystov/Library/Developer/Xcode/DerivedData/ALADDIN-eahryzmutvtbyceygnlyjsmiiaha/Build/Intermediates.noindex/ALADDIN.build/Debug-iphonesimulator/ALADDIN.build/Objects-normal/x86_64/09_ElderlyInterfaceScreen.o -o /Users/sergejhlystov/Library/Developer/Xcode/DerivedData/ALADDIN-eahryzmutvtbyceygnlyjsmiiaha/Build/Intermediates.noindex/ALADDIN.build/Debug-iphonesimulator/ALADDIN.build/Objects-normal/x86_64/11_ProfileScreen.o -o /Users/sergejhlystov/Library/Developer/Xcode/DerivedData/ALADDIN-eahryzmutvtbyceygnlyjsmiiaha/Build/Intermediates.noindex/ALADDIN.build/Debug-iphonesimulator/ALADDIN.build/Objects-normal/x86_64/NetworkManager.o -o /Users/sergejhlystov/Library/Developer/Xcode/DerivedData/ALADDIN-eahryzmutvtbyceygnlyjsmiiaha/Build/Intermediates.noindex/ALADDIN.build/Debug-iphonesimulator/ALADDIN.build/Objects-normal/x86_64/19_TermsOfServiceScreen.o -o /Users/sergejhlystov/Library/Developer/Xcode/DerivedData/ALADDIN-eahryzmutvtbyceygnlyjsmiiaha/Build/Intermediates.noindex/ALADDIN.build/Debug-iphonesimulator/ALADDIN.build/Objects-normal/x86_64/AppConfig.o -o /Users/sergejhlystov/Library/Developer/Xcode/DerivedData/ALADDIN-eahryzmutvtbyceygnlyjsmiiaha/Build/Intermediates.noindex/ALADDIN.build/Debug-iphonesimulator/ALADDIN.build/Objects-normal/x86_64/FamilyViewModel.o -o /Users/sergejhlystov/Library/Developer/Xcode/DerivedData/ALADDIN-eahryzmutvtbyceygnlyjsmiiaha/Build/Intermediates.noindex/ALADDIN.build/Debug-iphonesimulator/ALADDIN.build/Objects-normal/x86_64/AIAssistantViewModel.o -o /Users/sergejhlystov/Library/Developer/Xcode/DerivedData/ALADDIN-eahryzmutvtbyceygnlyjsmiiaha/Build/Intermediates.noindex/ALADDIN.build/Debug-iphonesimulator/ALADDIN.build/Objects-normal/x86_64/22_DeviceDetailScreen.o -o /Users/sergejhlystov/Library/Developer/Xcode/DerivedData/ALADDIN-eahryzmutvtbyceygnlyjsmiiaha/Build/Intermediates.noindex/ALADDIN.build/Debug-iphonesimulator/ALADDIN.build/Objects-normal/x86_64/WidgetConfigurationScreen.o -o /Users/sergejhlystov/Library/Developer/Xcode/DerivedData/ALADDIN-eahryzmutvtbyceygnlyjsmiiaha/Build/Intermediates.noindex/ALADDIN.build/Debug-iphonesimulator/ALADDIN.build/Objects-normal/x86_64/FamilyChatWebSocket.o -o /Users/sergejhlystov/Library/Developer/Xcode/DerivedData/ALADDIN-eahryzmutvtbyceygnlyjsmiiaha/Build/Intermediates.noindex/ALADDIN.build/Debug-iphonesimulator/ALADDIN.build/Objects-normal/x86_64/SecurityEducationScreen.o -o /Users/sergejhlystov/Library/Developer/Xcode/DerivedData/ALADDIN-eahryzmutvtbyceygnlyjsmiiaha/Build/Intermediates.noindex/ALADDIN.build/Debug-iphonesimulator/ALADDIN.build/Objects-normal/x86_64/KeychainManager.o -o /Users/sergejhlystov/Library/Developer/Xcode/DerivedData/ALADDIN-eahryzmutvtbyceygnlyjsmiiaha/Build/Intermediates.noindex/ALADDIN.build/Debug-iphonesimulator/ALADDIN.build/Objects-normal/x86_64/MemberStatsModalView.o -o /Users/sergejhlystov/Library/Developer/Xcode/DerivedData/ALADDIN-eahryzmutvtbyceygnlyjsmiiaha/Build/Intermediates.noindex/ALADDIN.build/Debug-iphonesimulator/ALADDIN.build/Objects-normal/x86_64/AddMemberOptionsModal.o -index-store-path /Users/sergejhlystov/Library/Developer/Xcode/DerivedData/ALADDIN-eahryzmutvtbyceygnlyjsmiiaha/Index/DataStore -index-system-modules
/Users/sergejhlystov/ALADDIN_NEW/ALADDIN_NEW/mobile_apps/ALADDIN_iOS/Core/Network/APIService.swift:102:51: error: missing arguments for parameters 'messageType', 'voiceUrl', 'voiceDuration', 'mediaUrl', 'mediaType', 'replyToMessageId' in call
        let request = SendFamilyChatMessageRequest(message: message, familyId: familyId)
                                                  ^
/Users/sergejhlystov/ALADDIN_NEW/ALADDIN_NEW/mobile_apps/ALADDIN_iOS/Core/Models/APIModels.swift:681:8: note: 'init(message:familyId:messageType:voiceUrl:voiceDuration:mediaUrl:mediaType:replyToMessageId:)' declared here
struct SendFamilyChatMessageRequest: Codable {
       ^

SwiftDriverJob-Compile normal x86_64 Compiling\ Fonts.swift,\ GamesParentalControlView.swift,\ QRScannerModal.swift,\ 04_AnalyticsScreen.swift,\ TariffFeaturesGallery.swift,\ ContentBlockerRule.swift,\ 24_NetworkProtectionEnergyStatsScreen.swift,\ ProfileEditView.swift,\ TariffsViewModel.swift,\ NotificationManager.swift,\ ProtectionSettings.swift,\ RemoteNotificationsService.swift,\ SecurityManager.swift,\ ThreatProtectionScreen.swift,\ ThreatProtectionCard.swift,\ ThreatProtectionCategoriesView.swift,\ ThreatProtectionCategory.swift,\ GamesSettingsManager.swift,\ ParentalControlManager.swift,\ AnalyticsService.swift,\ ReplyBubbleView.swift /Users/sergejhlystov/ALADDIN_NEW/ALADDIN_NEW/mobile_apps/ALADDIN_iOS/Shared/Styles/Fonts.swift /Users/sergejhlystov/ALADDIN_NEW/ALADDIN_NEW/mobile_apps/ALADDIN_iOS/Screens/GamesParentalControlView.swift /Users/sergejhlystov/ALADDIN_NEW/ALADDIN_NEW/mobile_apps/ALADDIN_iOS/Shared/Components/QRScannerModal.swift /Users/sergejhlystov/ALADDIN_NEW/ALADDIN_NEW/mobile_apps/ALADDIN_iOS/Screens/04_AnalyticsScreen.swift /Users/sergejhlystov/ALADDIN_NEW/ALADDIN_NEW/mobile_apps/ALADDIN_iOS/Components/TariffFeaturesGallery.swift /Users/sergejhlystov/ALADDIN_NEW/ALADDIN_NEW/mobile_apps/ALADDIN_iOS/Core/ContentBlocker/ContentBlockerRule.swift /Users/sergejhlystov/ALADDIN_NEW/ALADDIN_NEW/mobile_apps/ALADDIN_iOS/Screens/24_NetworkProtectionEnergyStatsScreen.swift /Users/sergejhlystov/ALADDIN_NEW/ALADDIN_NEW/mobile_apps/ALADDIN_iOS/Shared/Components/Modals/ProfileEditView.swift /Users/sergejhlystov/ALADDIN_NEW/ALADDIN_NEW/mobile_apps/ALADDIN_iOS/ViewModels/TariffsViewModel.swift /Users/sergejhlystov/ALADDIN_NEW/ALADDIN_NEW/mobile_apps/ALADDIN_iOS/Core/Notifications/NotificationManager.swift /Users/sergejhlystov/ALADDIN_NEW/ALADDIN_NEW/mobile_apps/ALADDIN_iOS/Shared/Models/ProtectionSettings.swift /Users/sergejhlystov/ALADDIN_NEW/ALADDIN_NEW/mobile_apps/ALADDIN_iOS/Core/Notifications/RemoteNotificationsService.swift /Users/sergejhlystov/ALADDIN_NEW/ALADDIN_NEW/mobile_apps/ALADDIN_iOS/Core/Security/SecurityManager.swift /Users/sergejhlystov/ALADDIN_NEW/ALADDIN_NEW/mobile_apps/ALADDIN_iOS/Screens/ThreatProtectionScreen.swift /Users/sergejhlystov/ALADDIN_NEW/ALADDIN_NEW/mobile_apps/ALADDIN_iOS/Components/ThreatProtectionCard.swift /Users/sergejhlystov/ALADDIN_NEW/ALADDIN_NEW/mobile_apps/ALADDIN_iOS/Components/ThreatProtectionCategoriesView.swift /Users/sergejhlystov/ALADDIN_NEW/ALADDIN_NEW/mobile_apps/ALADDIN_iOS/Shared/Models/ThreatProtectionCategory.swift /Users/sergejhlystov/ALADDIN_NEW/ALADDIN_NEW/mobile_apps/ALADDIN_iOS/Core/Managers/GamesSettingsManager.swift /Users/sergejhlystov/ALADDIN_NEW/ALADDIN_NEW/mobile_apps/ALADDIN_iOS/Core/Managers/ParentalControlManager.swift /Users/sergejhlystov/ALADDIN_NEW/ALADDIN_NEW/mobile_apps/ALADDIN_iOS/Core/Analytics/AnalyticsService.swift /Users/sergejhlystov/ALADDIN_NEW/ALADDIN_NEW/mobile_apps/ALADDIN_iOS/Shared/Components/Chat/ReplyBubbleView.swift (in target 'ALADDIN' from project 'ALADDIN')
    cd /Users/sergejhlystov/ALADDIN_NEW/ALADDIN_NEW/mobile_apps/ALADDIN_iOS
    export DEVELOPER_DIR\=/Applications/Xcode.app/Contents/Developer
    export SDKROOT\=/Applications/Xcode.app/Contents/Developer/Platforms/iPhoneSimulator.platform/Developer/SDKs/iPhoneSimulator15.2.sdk
    builtin-swiftDriverJobExecution -- /Applications/Xcode.app/Contents/Developer/Toolchains/XcodeDefault.xctoolchain/usr/bin/swift-frontend -frontend -c -filelist /Users/sergejhlystov/Library/Developer/Xcode/DerivedData/ALADDIN-eahryzmutvtbyceygnlyjsmiiaha/Build/Intermediates.noindex/ALADDIN.build/Debug-iphonesimulator/ALADDIN.build/Objects-normal/x86_64/sources-1 -primary-file /Users/sergejhlystov/ALADDIN_NEW/ALADDIN_NEW/mobile_apps/ALADDIN_iOS/Shared/Styles/Fonts.swift -primary-file /Users/sergejhlystov/ALADDIN_NEW/ALADDIN_NEW/mobile_apps/ALADDIN_iOS/Screens/GamesParentalControlView.swift -primary-file /Users/sergejhlystov/ALADDIN_NEW/ALADDIN_NEW/mobile_apps/ALADDIN_iOS/Shared/Components/QRScannerModal.swift -primary-file /Users/sergejhlystov/ALADDIN_NEW/ALADDIN_NEW/mobile_apps/ALADDIN_iOS/Screens/04_AnalyticsScreen.swift -primary-file /Users/sergejhlystov/ALADDIN_NEW/ALADDIN_NEW/mobile_apps/ALADDIN_iOS/Components/TariffFeaturesGallery.swift -primary-file /Users/sergejhlystov/ALADDIN_NEW/ALADDIN_NEW/mobile_apps/ALADDIN_iOS/Core/ContentBlocker/ContentBlockerRule.swift -primary-file /Users/sergejhlystov/ALADDIN_NEW/ALADDIN_NEW/mobile_apps/ALADDIN_iOS/Screens/24_NetworkProtectionEnergyStatsScreen.swift -primary-file /Users/sergejhlystov/ALADDIN_NEW/ALADDIN_NEW/mobile_apps/ALADDIN_iOS/Shared/Components/Modals/ProfileEditView.swift -primary-file /Users/sergejhlystov/ALADDIN_NEW/ALADDIN_NEW/mobile_apps/ALADDIN_iOS/ViewModels/TariffsViewModel.swift -primary-file /Users/sergejhlystov/ALADDIN_NEW/ALADDIN_NEW/mobile_apps/ALADDIN_iOS/Core/Notifications/NotificationManager.swift -primary-file /Users/sergejhlystov/ALADDIN_NEW/ALADDIN_NEW/mobile_apps/ALADDIN_iOS/Shared/Models/ProtectionSettings.swift -primary-file /Users/sergejhlystov/ALADDIN_NEW/ALADDIN_NEW/mobile_apps/ALADDIN_iOS/Core/Notifications/RemoteNotificationsService.swift -primary-file /Users/sergejhlystov/ALADDIN_NEW/ALADDIN_NEW/mobile_apps/ALADDIN_iOS/Core/Security/SecurityManager.swift -primary-file /Users/sergejhlystov/ALADDIN_NEW/ALADDIN_NEW/mobile_apps/ALADDIN_iOS/Screens/ThreatProtectionScreen.swift -primary-file /Users/sergejhlystov/ALADDIN_NEW/ALADDIN_NEW/mobile_apps/ALADDIN_iOS/Components/ThreatProtectionCard.swift -primary-file /Users/sergejhlystov/ALADDIN_NEW/ALADDIN_NEW/mobile_apps/ALADDIN_iOS/Components/ThreatProtectionCategoriesView.swift -primary-file /Users/sergejhlystov/ALADDIN_NEW/ALADDIN_NEW/mobile_apps/ALADDIN_iOS/Shared/Models/ThreatProtectionCategory.swift -primary-file /Users/sergejhlystov/ALADDIN_NEW/ALADDIN_NEW/mobile_apps/ALADDIN_iOS/Core/Managers/GamesSettingsManager.swift -primary-file /Users/sergejhlystov/ALADDIN_NEW/ALADDIN_NEW/mobile_apps/ALADDIN_iOS/Core/Managers/ParentalControlManager.swift -primary-file /Users/sergejhlystov/ALADDIN_NEW/ALADDIN_NEW/mobile_apps/ALADDIN_iOS/Core/Analytics/AnalyticsService.swift -primary-file /Users/sergejhlystov/ALADDIN_NEW/ALADDIN_NEW/mobile_apps/ALADDIN_iOS/Shared/Components/Chat/ReplyBubbleView.swift -supplementary-output-file-map /Users/sergejhlystov/Library/Developer/Xcode/DerivedData/ALADDIN-eahryzmutvtbyceygnlyjsmiiaha/Build/Intermediates.noindex/ALADDIN.build/Debug-iphonesimulator/ALADDIN.build/Objects-normal/x86_64/supplementaryOutputs-7 -target x86_64-apple-ios15.2-simulator -enable-objc-interop -sdk /Applications/Xcode.app/Contents/Developer/Platforms/iPhoneSimulator.platform/Developer/SDKs/iPhoneSimulator15.2.sdk -I /Users/sergejhlystov/Library/Developer/Xcode/DerivedData/ALADDIN-eahryzmutvtbyceygnlyjsmiiaha/Build/Products/Debug-iphonesimulator -F /Users/sergejhlystov/Library/Developer/Xcode/DerivedData/ALADDIN-eahryzmutvtbyceygnlyjsmiiaha/Build/Products/Debug-iphonesimulator -no-color-diagnostics -enable-testing -g -module-cache-path /Users/sergejhlystov/Library/Developer/Xcode/DerivedData/ModuleCache.noindex -emit-localized-strings -emit-localized-strings-path /Users/sergejhlystov/Library/Developer/Xcode/DerivedData/ALADDIN-eahryzmutvtbyceygnlyjsmiiaha/Build/Intermediates.noindex/ALADDIN.build/Debug-iphonesimulator/ALADDIN.build/Objects-normal/x86_64 -swift-version 5 -enforce-exclusivity\=checked -Onone -D DEBUG -serialize-debugging-options -Xcc -working-directory -Xcc /Users/sergejhlystov/ALADDIN_NEW/ALADDIN_NEW/mobile_apps/ALADDIN_iOS -resource-dir /Applications/Xcode.app/Contents/Developer/Toolchains/XcodeDefault.xctoolchain/usr/lib/swift -enable-anonymous-context-mangled-names -Xcc -I/Users/sergejhlystov/Library/Developer/Xcode/DerivedData/ALADDIN-eahryzmutvtbyceygnlyjsmiiaha/Build/Intermediates.noindex/ALADDIN.build/Debug-iphonesimulator/ALADDIN.build/swift-overrides.hmap -Xcc -iquote -Xcc /Users/sergejhlystov/Library/Developer/Xcode/DerivedData/ALADDIN-eahryzmutvtbyceygnlyjsmiiaha/Build/Intermediates.noindex/ALADDIN.build/Debug-iphonesimulator/ALADDIN.build/ALADDIN-generated-files.hmap -Xcc -I/Users/sergejhlystov/Library/Developer/Xcode/DerivedData/ALADDIN-eahryzmutvtbyceygnlyjsmiiaha/Build/Intermediates.noindex/ALADDIN.build/Debug-iphonesimulator/ALADDIN.build/ALADDIN-own-target-headers.hmap -Xcc -I/Users/sergejhlystov/Library/Developer/Xcode/DerivedData/ALADDIN-eahryzmutvtbyceygnlyjsmiiaha/Build/Intermediates.noindex/ALADDIN.build/Debug-iphonesimulator/ALADDIN.build/ALADDIN-all-target-headers.hmap -Xcc -iquote -Xcc /Users/sergejhlystov/Library/Developer/Xcode/DerivedData/ALADDIN-eahryzmutvtbyceygnlyjsmiiaha/Build/Intermediates.noindex/ALADDIN.build/Debug-iphonesimulator/ALADDIN.build/ALADDIN-project-headers.hmap -Xcc -I/Users/sergejhlystov/Library/Developer/Xcode/DerivedData/ALADDIN-eahryzmutvtbyceygnlyjsmiiaha/Build/Products/Debug-iphonesimulator/include -Xcc -I/Users/sergejhlystov/Library/Developer/Xcode/DerivedData/ALADDIN-eahryzmutvtbyceygnlyjsmiiaha/Build/Intermediates.noindex/ALADDIN.build/Debug-iphonesimulator/ALADDIN.build/DerivedSources-normal/x86_64 -Xcc -I/Users/sergejhlystov/Library/Developer/Xcode/DerivedData/ALADDIN-eahryzmutvtbyceygnlyjsmiiaha/Build/Intermediates.noindex/ALADDIN.build/Debug-iphonesimulator/ALADDIN.build/DerivedSources/x86_64 -Xcc -I/Users/sergejhlystov/Library/Developer/Xcode/DerivedData/ALADDIN-eahryzmutvtbyceygnlyjsmiiaha/Build/Intermediates.noindex/ALADDIN.build/Debug-iphonesimulator/ALADDIN.build/DerivedSources -Xcc -DDEBUG\=1 -module-name ALADDIN -target-sdk-version 15.2.0 -o /Users/sergejhlystov/Library/Developer/Xcode/DerivedData/ALADDIN-eahryzmutvtbyceygnlyjsmiiaha/Build/Intermediates.noindex/ALADDIN.build/Debug-iphonesimulator/ALADDIN.build/Objects-normal/x86_64/Fonts.o -o /Users/sergejhlystov/Library/Developer/Xcode/DerivedData/ALADDIN-eahryzmutvtbyceygnlyjsmiiaha/Build/Intermediates.noindex/ALADDIN.build/Debug-iphonesimulator/ALADDIN.build/Objects-normal/x86_64/GamesParentalControlView.o -o /Users/sergejhlystov/Library/Developer/Xcode/DerivedData/ALADDIN-eahryzmutvtbyceygnlyjsmiiaha/Build/Intermediates.noindex/ALADDIN.build/Debug-iphonesimulator/ALADDIN.build/Objects-normal/x86_64/QRScannerModal.o -o /Users/sergejhlystov/Library/Developer/Xcode/DerivedData/ALADDIN-eahryzmutvtbyceygnlyjsmiiaha/Build/Intermediates.noindex/ALADDIN.build/Debug-iphonesimulator/ALADDIN.build/Objects-normal/x86_64/04_AnalyticsScreen.o -o /Users/sergejhlystov/Library/Developer/Xcode/DerivedData/ALADDIN-eahryzmutvtbyceygnlyjsmiiaha/Build/Intermediates.noindex/ALADDIN.build/Debug-iphonesimulator/ALADDIN.build/Objects-normal/x86_64/TariffFeaturesGallery.o -o /Users/sergejhlystov/Library/Developer/Xcode/DerivedData/ALADDIN-eahryzmutvtbyceygnlyjsmiiaha/Build/Intermediates.noindex/ALADDIN.build/Debug-iphonesimulator/ALADDIN.build/Objects-normal/x86_64/ContentBlockerRule.o -o /Users/sergejhlystov/Library/Developer/Xcode/DerivedData/ALADDIN-eahryzmutvtbyceygnlyjsmiiaha/Build/Intermediates.noindex/ALADDIN.build/Debug-iphonesimulator/ALADDIN.build/Objects-normal/x86_64/24_NetworkProtectionEnergyStatsScreen.o -o /Users/sergejhlystov/Library/Developer/Xcode/DerivedData/ALADDIN-eahryzmutvtbyceygnlyjsmiiaha/Build/Intermediates.noindex/ALADDIN.build/Debug-iphonesimulator/ALADDIN.build/Objects-normal/x86_64/ProfileEditView.o -o /Users/sergejhlystov/Library/Developer/Xcode/DerivedData/ALADDIN-eahryzmutvtbyceygnlyjsmiiaha/Build/Intermediates.noindex/ALADDIN.build/Debug-iphonesimulator/ALADDIN.build/Objects-normal/x86_64/TariffsViewModel.o -o /Users/sergejhlystov/Library/Developer/Xcode/DerivedData/ALADDIN-eahryzmutvtbyceygnlyjsmiiaha/Build/Intermediates.noindex/ALADDIN.build/Debug-iphonesimulator/ALADDIN.build/Objects-normal/x86_64/NotificationManager.o -o /Users/sergejhlystov/Library/Developer/Xcode/DerivedData/ALADDIN-eahryzmutvtbyceygnlyjsmiiaha/Build/Intermediates.noindex/ALADDIN.build/Debug-iphonesimulator/ALADDIN.build/Objects-normal/x86_64/ProtectionSettings.o -o /Users/sergejhlystov/Library/Developer/Xcode/DerivedData/ALADDIN-eahryzmutvtbyceygnlyjsmiiaha/Build/Intermediates.noindex/ALADDIN.build/Debug-iphonesimulator/ALADDIN.build/Objects-normal/x86_64/RemoteNotificationsService.o -o /Users/sergejhlystov/Library/Developer/Xcode/DerivedData/ALADDIN-eahryzmutvtbyceygnlyjsmiiaha/Build/Intermediates.noindex/ALADDIN.build/Debug-iphonesimulator/ALADDIN.build/Objects-normal/x86_64/SecurityManager.o -o /Users/sergejhlystov/Library/Developer/Xcode/DerivedData/ALADDIN-eahryzmutvtbyceygnlyjsmiiaha/Build/Intermediates.noindex/ALADDIN.build/Debug-iphonesimulator/ALADDIN.build/Objects-normal/x86_64/ThreatProtectionScreen.o -o /Users/sergejhlystov/Library/Developer/Xcode/DerivedData/ALADDIN-eahryzmutvtbyceygnlyjsmiiaha/Build/Intermediates.noindex/ALADDIN.build/Debug-iphonesimulator/ALADDIN.build/Objects-normal/x86_64/ThreatProtectionCard.o -o /Users/sergejhlystov/Library/Developer/Xcode/DerivedData/ALADDIN-eahryzmutvtbyceygnlyjsmiiaha/Build/Intermediates.noindex/ALADDIN.build/Debug-iphonesimulator/ALADDIN.build/Objects-normal/x86_64/ThreatProtectionCategoriesView.o -o /Users/sergejhlystov/Library/Developer/Xcode/DerivedData/ALADDIN-eahryzmutvtbyceygnlyjsmiiaha/Build/Intermediates.noindex/ALADDIN.build/Debug-iphonesimulator/ALADDIN.build/Objects-normal/x86_64/ThreatProtectionCategory.o -o /Users/sergejhlystov/Library/Developer/Xcode/DerivedData/ALADDIN-eahryzmutvtbyceygnlyjsmiiaha/Build/Intermediates.noindex/ALADDIN.build/Debug-iphonesimulator/ALADDIN.build/Objects-normal/x86_64/GamesSettingsManager.o -o /Users/sergejhlystov/Library/Developer/Xcode/DerivedData/ALADDIN-eahryzmutvtbyceygnlyjsmiiaha/Build/Intermediates.noindex/ALADDIN.build/Debug-iphonesimulator/ALADDIN.build/Objects-normal/x86_64/ParentalControlManager.o -o /Users/sergejhlystov/Library/Developer/Xcode/DerivedData/ALADDIN-eahryzmutvtbyceygnlyjsmiiaha/Build/Intermediates.noindex/ALADDIN.build/Debug-iphonesimulator/ALADDIN.build/Objects-normal/x86_64/AnalyticsService.o -o /Users/sergejhlystov/Library/Developer/Xcode/DerivedData/ALADDIN-eahryzmutvtbyceygnlyjsmiiaha/Build/Intermediates.noindex/ALADDIN.build/Debug-iphonesimulator/ALADDIN.build/Objects-normal/x86_64/ReplyBubbleView.o -index-store-path /Users/sergejhlystov/Library/Developer/Xcode/DerivedData/ALADDIN-eahryzmutvtbyceygnlyjsmiiaha/Index/DataStore -index-system-modules

SwiftDriverJob-Compile normal x86_64 Compiling\ 08_ChildInterfaceScreen.swift,\ ContentView.swift,\ AppDelegate.swift,\ AgeGroupSelectionModal.swift,\ ActivationCodeViewModel.swift,\ TariffCardView.swift,\ ALADDINApp.swift,\ ContentBlockerManager.swift,\ FunctionStatus.swift,\ 26_ActivationCodeScreen.swift,\ MainViewModel.swift,\ TariffCardSections.swift,\ FamilyContentBlockModal.swift,\ PrimaryButton.swift,\ NotificationSettingsScreen.swift,\ TariffManager.swift,\ ChildContentScreen.swift,\ AdditionalFeature.swift,\ StatItem.swift,\ FamilyMemberCard.swift,\ AddMoreMemberCard.swift /Users/sergejhlystov/ALADDIN_NEW/ALADDIN_NEW/mobile_apps/ALADDIN_iOS/Screens/08_ChildInterfaceScreen.swift /Users/sergejhlystov/ALADDIN_NEW/ALADDIN_NEW/mobile_apps/ALADDIN_iOS/ContentView.swift /Users/sergejhlystov/ALADDIN_NEW/ALADDIN_NEW/mobile_apps/ALADDIN_iOS/AppDelegate.swift /Users/sergejhlystov/ALADDIN_NEW/ALADDIN_NEW/mobile_apps/ALADDIN_iOS/Components/Modals/AgeGroupSelectionModal.swift /Users/sergejhlystov/ALADDIN_NEW/ALADDIN_NEW/mobile_apps/ALADDIN_iOS/ViewModels/ActivationCodeViewModel.swift /Users/sergejhlystov/ALADDIN_NEW/ALADDIN_NEW/mobile_apps/ALADDIN_iOS/Components/TariffCardView.swift /Users/sergejhlystov/ALADDIN_NEW/ALADDIN_NEW/mobile_apps/ALADDIN_iOS/ALADDINApp.swift /Users/sergejhlystov/ALADDIN_NEW/ALADDIN_NEW/mobile_apps/ALADDIN_iOS/Core/ContentBlocker/ContentBlockerManager.swift /Users/sergejhlystov/ALADDIN_NEW/ALADDIN_NEW/mobile_apps/ALADDIN_iOS/Shared/Models/FunctionStatus.swift /Users/sergejhlystov/ALADDIN_NEW/ALADDIN_NEW/mobile_apps/ALADDIN_iOS/Screens/26_ActivationCodeScreen.swift /Users/sergejhlystov/ALADDIN_NEW/ALADDIN_NEW/mobile_apps/ALADDIN_iOS/ViewModels/MainViewModel.swift /Users/sergejhlystov/ALADDIN_NEW/ALADDIN_NEW/mobile_apps/ALADDIN_iOS/Components/TariffCardSections.swift /Users/sergejhlystov/ALADDIN_NEW/ALADDIN_NEW/mobile_apps/ALADDIN_iOS/Components/Modals/FamilyContentBlockModal.swift /Users/sergejhlystov/ALADDIN_NEW/ALADDIN_NEW/mobile_apps/ALADDIN_iOS/Shared/Components/Buttons/PrimaryButton.swift /Users/sergejhlystov/ALADDIN_NEW/ALADDIN_NEW/mobile_apps/ALADDIN_iOS/Screens/NotificationSettingsScreen.swift /Users/sergejhlystov/ALADDIN_NEW/ALADDIN_NEW/mobile_apps/ALADDIN_iOS/Core/Managers/TariffManager.swift /Users/sergejhlystov/ALADDIN_NEW/ALADDIN_NEW/mobile_apps/ALADDIN_iOS/Screens/ChildContentScreen.swift /Users/sergejhlystov/ALADDIN_NEW/ALADDIN_NEW/mobile_apps/ALADDIN_iOS/Shared/Models/AdditionalFeature.swift /Users/sergejhlystov/ALADDIN_NEW/ALADDIN_NEW/mobile_apps/ALADDIN_iOS/Shared/Components/StatItem.swift /Users/sergejhlystov/ALADDIN_NEW/ALADDIN_NEW/mobile_apps/ALADDIN_iOS/Shared/Components/Cards/FamilyMemberCard.swift /Users/sergejhlystov/ALADDIN_NEW/ALADDIN_NEW/mobile_apps/ALADDIN_iOS/Shared/Components/Cards/AddMoreMemberCard.swift (in target 'ALADDIN' from project 'ALADDIN')
    cd /Users/sergejhlystov/ALADDIN_NEW/ALADDIN_NEW/mobile_apps/ALADDIN_iOS
    export DEVELOPER_DIR\=/Applications/Xcode.app/Contents/Developer
    export SDKROOT\=/Applications/Xcode.app/Contents/Developer/Platforms/iPhoneSimulator.platform/Developer/SDKs/iPhoneSimulator15.2.sdk
    builtin-swiftDriverJobExecution -- /Applications/Xcode.app/Contents/Developer/Toolchains/XcodeDefault.xctoolchain/usr/bin/swift-frontend -frontend -c -filelist /Users/sergejhlystov/Library/Developer/Xcode/DerivedData/ALADDIN-eahryzmutvtbyceygnlyjsmiiaha/Build/Intermediates.noindex/ALADDIN.build/Debug-iphonesimulator/ALADDIN.build/Objects-normal/x86_64/sources-1 -primary-file /Users/sergejhlystov/ALADDIN_NEW/ALADDIN_NEW/mobile_apps/ALADDIN_iOS/Screens/08_ChildInterfaceScreen.swift -primary-file /Users/sergejhlystov/ALADDIN_NEW/ALADDIN_NEW/mobile_apps/ALADDIN_iOS/ContentView.swift -primary-file /Users/sergejhlystov/ALADDIN_NEW/ALADDIN_NEW/mobile_apps/ALADDIN_iOS/AppDelegate.swift -primary-file /Users/sergejhlystov/ALADDIN_NEW/ALADDIN_NEW/mobile_apps/ALADDIN_iOS/Components/Modals/AgeGroupSelectionModal.swift -primary-file /Users/sergejhlystov/ALADDIN_NEW/ALADDIN_NEW/mobile_apps/ALADDIN_iOS/ViewModels/ActivationCodeViewModel.swift -primary-file /Users/sergejhlystov/ALADDIN_NEW/ALADDIN_NEW/mobile_apps/ALADDIN_iOS/Components/TariffCardView.swift -primary-file /Users/sergejhlystov/ALADDIN_NEW/ALADDIN_NEW/mobile_apps/ALADDIN_iOS/ALADDINApp.swift -primary-file /Users/sergejhlystov/ALADDIN_NEW/ALADDIN_NEW/mobile_apps/ALADDIN_iOS/Core/ContentBlocker/ContentBlockerManager.swift -primary-file /Users/sergejhlystov/ALADDIN_NEW/ALADDIN_NEW/mobile_apps/ALADDIN_iOS/Shared/Models/FunctionStatus.swift -primary-file /Users/sergejhlystov/ALADDIN_NEW/ALADDIN_NEW/mobile_apps/ALADDIN_iOS/Screens/26_ActivationCodeScreen.swift -primary-file /Users/sergejhlystov/ALADDIN_NEW/ALADDIN_NEW/mobile_apps/ALADDIN_iOS/ViewModels/MainViewModel.swift -primary-file /Users/sergejhlystov/ALADDIN_NEW/ALADDIN_NEW/mobile_apps/ALADDIN_iOS/Components/TariffCardSections.swift -primary-file /Users/sergejhlystov/ALADDIN_NEW/ALADDIN_NEW/mobile_apps/ALADDIN_iOS/Components/Modals/FamilyContentBlockModal.swift -primary-file /Users/sergejhlystov/ALADDIN_NEW/ALADDIN_NEW/mobile_apps/ALADDIN_iOS/Shared/Components/Buttons/PrimaryButton.swift -primary-file /Users/sergejhlystov/ALADDIN_NEW/ALADDIN_NEW/mobile_apps/ALADDIN_iOS/Screens/NotificationSettingsScreen.swift -primary-file /Users/sergejhlystov/ALADDIN_NEW/ALADDIN_NEW/mobile_apps/ALADDIN_iOS/Core/Managers/TariffManager.swift -primary-file /Users/sergejhlystov/ALADDIN_NEW/ALADDIN_NEW/mobile_apps/ALADDIN_iOS/Screens/ChildContentScreen.swift -primary-file /Users/sergejhlystov/ALADDIN_NEW/ALADDIN_NEW/mobile_apps/ALADDIN_iOS/Shared/Models/AdditionalFeature.swift -primary-file /Users/sergejhlystov/ALADDIN_NEW/ALADDIN_NEW/mobile_apps/ALADDIN_iOS/Shared/Components/StatItem.swift -primary-file /Users/sergejhlystov/ALADDIN_NEW/ALADDIN_NEW/mobile_apps/ALADDIN_iOS/Shared/Components/Cards/FamilyMemberCard.swift -primary-file /Users/sergejhlystov/ALADDIN_NEW/ALADDIN_NEW/mobile_apps/ALADDIN_iOS/Shared/Components/Cards/AddMoreMemberCard.swift -supplementary-output-file-map /Users/sergejhlystov/Library/Developer/Xcode/DerivedData/ALADDIN-eahryzmutvtbyceygnlyjsmiiaha/Build/Intermediates.noindex/ALADDIN.build/Debug-iphonesimulator/ALADDIN.build/Objects-normal/x86_64/supplementaryOutputs-1 -target x86_64-apple-ios15.2-simulator -enable-objc-interop -sdk /Applications/Xcode.app/Contents/Developer/Platforms/iPhoneSimulator.platform/Developer/SDKs/iPhoneSimulator15.2.sdk -I /Users/sergejhlystov/Library/Developer/Xcode/DerivedData/ALADDIN-eahryzmutvtbyceygnlyjsmiiaha/Build/Products/Debug-iphonesimulator -F /Users/sergejhlystov/Library/Developer/Xcode/DerivedData/ALADDIN-eahryzmutvtbyceygnlyjsmiiaha/Build/Products/Debug-iphonesimulator -no-color-diagnostics -enable-testing -g -module-cache-path /Users/sergejhlystov/Library/Developer/Xcode/DerivedData/ModuleCache.noindex -emit-localized-strings -emit-localized-strings-path /Users/sergejhlystov/Library/Developer/Xcode/DerivedData/ALADDIN-eahryzmutvtbyceygnlyjsmiiaha/Build/Intermediates.noindex/ALADDIN.build/Debug-iphonesimulator/ALADDIN.build/Objects-normal/x86_64 -swift-version 5 -enforce-exclusivity\=checked -Onone -D DEBUG -serialize-debugging-options -Xcc -working-directory -Xcc /Users/sergejhlystov/ALADDIN_NEW/ALADDIN_NEW/mobile_apps/ALADDIN_iOS -resource-dir /Applications/Xcode.app/Contents/Developer/Toolchains/XcodeDefault.xctoolchain/usr/lib/swift -enable-anonymous-context-mangled-names -Xcc -I/Users/sergejhlystov/Library/Developer/Xcode/DerivedData/ALADDIN-eahryzmutvtbyceygnlyjsmiiaha/Build/Intermediates.noindex/ALADDIN.build/Debug-iphonesimulator/ALADDIN.build/swift-overrides.hmap -Xcc -iquote -Xcc /Users/sergejhlystov/Library/Developer/Xcode/DerivedData/ALADDIN-eahryzmutvtbyceygnlyjsmiiaha/Build/Intermediates.noindex/ALADDIN.build/Debug-iphonesimulator/ALADDIN.build/ALADDIN-generated-files.hmap -Xcc -I/Users/sergejhlystov/Library/Developer/Xcode/DerivedData/ALADDIN-eahryzmutvtbyceygnlyjsmiiaha/Build/Intermediates.noindex/ALADDIN.build/Debug-iphonesimulator/ALADDIN.build/ALADDIN-own-target-headers.hmap -Xcc -I/Users/sergejhlystov/Library/Developer/Xcode/DerivedData/ALADDIN-eahryzmutvtbyceygnlyjsmiiaha/Build/Intermediates.noindex/ALADDIN.build/Debug-iphonesimulator/ALADDIN.build/ALADDIN-all-target-headers.hmap -Xcc -iquote -Xcc /Users/sergejhlystov/Library/Developer/Xcode/DerivedData/ALADDIN-eahryzmutvtbyceygnlyjsmiiaha/Build/Intermediates.noindex/ALADDIN.build/Debug-iphonesimulator/ALADDIN.build/ALADDIN-project-headers.hmap -Xcc -I/Users/sergejhlystov/Library/Developer/Xcode/DerivedData/ALADDIN-eahryzmutvtbyceygnlyjsmiiaha/Build/Products/Debug-iphonesimulator/include -Xcc -I/Users/sergejhlystov/Library/Developer/Xcode/DerivedData/ALADDIN-eahryzmutvtbyceygnlyjsmiiaha/Build/Intermediates.noindex/ALADDIN.build/Debug-iphonesimulator/ALADDIN.build/DerivedSources-normal/x86_64 -Xcc -I/Users/sergejhlystov/Library/Developer/Xcode/DerivedData/ALADDIN-eahryzmutvtbyceygnlyjsmiiaha/Build/Intermediates.noindex/ALADDIN.build/Debug-iphonesimulator/ALADDIN.build/DerivedSources/x86_64 -Xcc -I/Users/sergejhlystov/Library/Developer/Xcode/DerivedData/ALADDIN-eahryzmutvtbyceygnlyjsmiiaha/Build/Intermediates.noindex/ALADDIN.build/Debug-iphonesimulator/ALADDIN.build/DerivedSources -Xcc -DDEBUG\=1 -module-name ALADDIN -target-sdk-version 15.2.0 -o /Users/sergejhlystov/Library/Developer/Xcode/DerivedData/ALADDIN-eahryzmutvtbyceygnlyjsmiiaha/Build/Intermediates.noindex/ALADDIN.build/Debug-iphonesimulator/ALADDIN.build/Objects-normal/x86_64/08_ChildInterfaceScreen.o -o /Users/sergejhlystov/Library/Developer/Xcode/DerivedData/ALADDIN-eahryzmutvtbyceygnlyjsmiiaha/Build/Intermediates.noindex/ALADDIN.build/Debug-iphonesimulator/ALADDIN.build/Objects-normal/x86_64/ContentView.o -o /Users/sergejhlystov/Library/Developer/Xcode/DerivedData/ALADDIN-eahryzmutvtbyceygnlyjsmiiaha/Build/Intermediates.noindex/ALADDIN.build/Debug-iphonesimulator/ALADDIN.build/Objects-normal/x86_64/AppDelegate.o -o /Users/sergejhlystov/Library/Developer/Xcode/DerivedData/ALADDIN-eahryzmutvtbyceygnlyjsmiiaha/Build/Intermediates.noindex/ALADDIN.build/Debug-iphonesimulator/ALADDIN.build/Objects-normal/x86_64/AgeGroupSelectionModal.o -o /Users/sergejhlystov/Library/Developer/Xcode/DerivedData/ALADDIN-eahryzmutvtbyceygnlyjsmiiaha/Build/Intermediates.noindex/ALADDIN.build/Debug-iphonesimulator/ALADDIN.build/Objects-normal/x86_64/ActivationCodeViewModel.o -o /Users/sergejhlystov/Library/Developer/Xcode/DerivedData/ALADDIN-eahryzmutvtbyceygnlyjsmiiaha/Build/Intermediates.noindex/ALADDIN.build/Debug-iphonesimulator/ALADDIN.build/Objects-normal/x86_64/TariffCardView.o -o /Users/sergejhlystov/Library/Developer/Xcode/DerivedData/ALADDIN-eahryzmutvtbyceygnlyjsmiiaha/Build/Intermediates.noindex/ALADDIN.build/Debug-iphonesimulator/ALADDIN.build/Objects-normal/x86_64/ALADDINApp.o -o /Users/sergejhlystov/Library/Developer/Xcode/DerivedData/ALADDIN-eahryzmutvtbyceygnlyjsmiiaha/Build/Intermediates.noindex/ALADDIN.build/Debug-iphonesimulator/ALADDIN.build/Objects-normal/x86_64/ContentBlockerManager.o -o /Users/sergejhlystov/Library/Developer/Xcode/DerivedData/ALADDIN-eahryzmutvtbyceygnlyjsmiiaha/Build/Intermediates.noindex/ALADDIN.build/Debug-iphonesimulator/ALADDIN.build/Objects-normal/x86_64/FunctionStatus.o -o /Users/sergejhlystov/Library/Developer/Xcode/DerivedData/ALADDIN-eahryzmutvtbyceygnlyjsmiiaha/Build/Intermediates.noindex/ALADDIN.build/Debug-iphonesimulator/ALADDIN.build/Objects-normal/x86_64/26_ActivationCodeScreen.o -o /Users/sergejhlystov/Library/Developer/Xcode/DerivedData/ALADDIN-eahryzmutvtbyceygnlyjsmiiaha/Build/Intermediates.noindex/ALADDIN.build/Debug-iphonesimulator/ALADDIN.build/Objects-normal/x86_64/MainViewModel.o -o /Users/sergejhlystov/Library/Developer/Xcode/DerivedData/ALADDIN-eahryzmutvtbyceygnlyjsmiiaha/Build/Intermediates.noindex/ALADDIN.build/Debug-iphonesimulator/ALADDIN.build/Objects-normal/x86_64/TariffCardSections.o -o /Users/sergejhlystov/Library/Developer/Xcode/DerivedData/ALADDIN-eahryzmutvtbyceygnlyjsmiiaha/Build/Intermediates.noindex/ALADDIN.build/Debug-iphonesimulator/ALADDIN.build/Objects-normal/x86_64/FamilyContentBlockModal.o -o /Users/sergejhlystov/Library/Developer/Xcode/DerivedData/ALADDIN-eahryzmutvtbyceygnlyjsmiiaha/Build/Intermediates.noindex/ALADDIN.build/Debug-iphonesimulator/ALADDIN.build/Objects-normal/x86_64/PrimaryButton.o -o /Users/sergejhlystov/Library/Developer/Xcode/DerivedData/ALADDIN-eahryzmutvtbyceygnlyjsmiiaha/Build/Intermediates.noindex/ALADDIN.build/Debug-iphonesimulator/ALADDIN.build/Objects-normal/x86_64/NotificationSettingsScreen.o -o /Users/sergejhlystov/Library/Developer/Xcode/DerivedData/ALADDIN-eahryzmutvtbyceygnlyjsmiiaha/Build/Intermediates.noindex/ALADDIN.build/Debug-iphonesimulator/ALADDIN.build/Objects-normal/x86_64/TariffManager.o -o /Users/sergejhlystov/Library/Developer/Xcode/DerivedData/ALADDIN-eahryzmutvtbyceygnlyjsmiiaha/Build/Intermediates.noindex/ALADDIN.build/Debug-iphonesimulator/ALADDIN.build/Objects-normal/x86_64/ChildContentScreen.o -o /Users/sergejhlystov/Library/Developer/Xcode/DerivedData/ALADDIN-eahryzmutvtbyceygnlyjsmiiaha/Build/Intermediates.noindex/ALADDIN.build/Debug-iphonesimulator/ALADDIN.build/Objects-normal/x86_64/AdditionalFeature.o -o /Users/sergejhlystov/Library/Developer/Xcode/DerivedData/ALADDIN-eahryzmutvtbyceygnlyjsmiiaha/Build/Intermediates.noindex/ALADDIN.build/Debug-iphonesimulator/ALADDIN.build/Objects-normal/x86_64/StatItem.o -o /Users/sergejhlystov/Library/Developer/Xcode/DerivedData/ALADDIN-eahryzmutvtbyceygnlyjsmiiaha/Build/Intermediates.noindex/ALADDIN.build/Debug-iphonesimulator/ALADDIN.build/Objects-normal/x86_64/FamilyMemberCard.o -o /Users/sergejhlystov/Library/Developer/Xcode/DerivedData/ALADDIN-eahryzmutvtbyceygnlyjsmiiaha/Build/Intermediates.noindex/ALADDIN.build/Debug-iphonesimulator/ALADDIN.build/Objects-normal/x86_64/AddMoreMemberCard.o -index-store-path /Users/sergejhlystov/Library/Developer/Xcode/DerivedData/ALADDIN-eahryzmutvtbyceygnlyjsmiiaha/Index/DataStore -index-system-modules

SwiftDriverJob-Compile normal x86_64 Compiling\ BackupRecoveryModal.swift,\ RewardsModalView.swift,\ 23_FamilyChatScreen.swift,\ StorageManager.swift,\ 02_FamilyScreen.swift,\ 20_DevicesScreen.swift,\ SecondaryButton.swift,\ EnhancedThreatCategoryCard.swift,\ ViewModifiers.swift,\ CollapsibleSection.swift,\ HapticFeedback.swift,\ MainScreenWithRegistration.swift,\ NetworkError.swift,\ LanguageSettingsScreen.swift,\ FamilyRegistrationViewModel.swift,\ ParentalControlFeature.swift,\ CornerRadius.swift,\ 01_MainScreen.swift,\ 03_NetworkProtectionScreen.swift,\ FamilyTournamentView.swift,\ FamilyProtectorView.swift /Users/sergejhlystov/ALADDIN_NEW/ALADDIN_NEW/mobile_apps/ALADDIN_iOS/Shared/Components/Modals/BackupRecoveryModal.swift /Users/sergejhlystov/ALADDIN_NEW/ALADDIN_NEW/mobile_apps/ALADDIN_iOS/Screens/RewardsModalView.swift /Users/sergejhlystov/ALADDIN_NEW/ALADDIN_NEW/mobile_apps/ALADDIN_iOS/Screens/23_FamilyChatScreen.swift /Users/sergejhlystov/ALADDIN_NEW/ALADDIN_NEW/mobile_apps/ALADDIN_iOS/Core/Storage/StorageManager.swift /Users/sergejhlystov/ALADDIN_NEW/ALADDIN_NEW/mobile_apps/ALADDIN_iOS/Screens/02_FamilyScreen.swift /Users/sergejhlystov/ALADDIN_NEW/ALADDIN_NEW/mobile_apps/ALADDIN_iOS/Screens/20_DevicesScreen.swift /Users/sergejhlystov/ALADDIN_NEW/ALADDIN_NEW/mobile_apps/ALADDIN_iOS/Shared/Components/Buttons/SecondaryButton.swift /Users/sergejhlystov/ALADDIN_NEW/ALADDIN_NEW/mobile_apps/ALADDIN_iOS/Components/EnhancedThreatCategoryCard.swift /Users/sergejhlystov/ALADDIN_NEW/ALADDIN_NEW/mobile_apps/ALADDIN_iOS/Shared/Components/ViewModifiers.swift /Users/sergejhlystov/ALADDIN_NEW/ALADDIN_NEW/mobile_apps/ALADDIN_iOS/Shared/Components/CollapsibleSection.swift /Users/sergejhlystov/ALADDIN_NEW/ALADDIN_NEW/mobile_apps/ALADDIN_iOS/Shared/Components/HapticFeedback.swift /Users/sergejhlystov/ALADDIN_NEW/ALADDIN_NEW/mobile_apps/ALADDIN_iOS/Screens/MainScreenWithRegistration.swift /Users/sergejhlystov/ALADDIN_NEW/ALADDIN_NEW/mobile_apps/ALADDIN_iOS/Core/Network/NetworkError.swift /Users/sergejhlystov/ALADDIN_NEW/ALADDIN_NEW/mobile_apps/ALADDIN_iOS/Screens/LanguageSettingsScreen.swift /Users/sergejhlystov/ALADDIN_NEW/ALADDIN_NEW/mobile_apps/ALADDIN_iOS/ViewModels/FamilyRegistrationViewModel.swift /Users/sergejhlystov/ALADDIN_NEW/ALADDIN_NEW/mobile_apps/ALADDIN_iOS/Shared/Models/ParentalControlFeature.swift /Users/sergejhlystov/ALADDIN_NEW/ALADDIN_NEW/mobile_apps/ALADDIN_iOS/Shared/Styles/CornerRadius.swift /Users/sergejhlystov/ALADDIN_NEW/ALADDIN_NEW/mobile_apps/ALADDIN_iOS/Screens/01_MainScreen.swift /Users/sergejhlystov/ALADDIN_NEW/ALADDIN_NEW/mobile_apps/ALADDIN_iOS/Screens/03_NetworkProtectionScreen.swift /Users/sergejhlystov/ALADDIN_NEW/ALADDIN_NEW/mobile_apps/ALADDIN_iOS/Screens/FamilyTournamentView.swift /Users/sergejhlystov/ALADDIN_NEW/ALADDIN_NEW/mobile_apps/ALADDIN_iOS/Screens/FamilyProtectorView.swift (in target 'ALADDIN' from project 'ALADDIN')
    cd /Users/sergejhlystov/ALADDIN_NEW/ALADDIN_NEW/mobile_apps/ALADDIN_iOS
    export DEVELOPER_DIR\=/Applications/Xcode.app/Contents/Developer
    export SDKROOT\=/Applications/Xcode.app/Contents/Developer/Platforms/iPhoneSimulator.platform/Developer/SDKs/iPhoneSimulator15.2.sdk
    builtin-swiftDriverJobExecution -- /Applications/Xcode.app/Contents/Developer/Toolchains/XcodeDefault.xctoolchain/usr/bin/swift-frontend -frontend -c -filelist /Users/sergejhlystov/Library/Developer/Xcode/DerivedData/ALADDIN-eahryzmutvtbyceygnlyjsmiiaha/Build/Intermediates.noindex/ALADDIN.build/Debug-iphonesimulator/ALADDIN.build/Objects-normal/x86_64/sources-1 -primary-file /Users/sergejhlystov/ALADDIN_NEW/ALADDIN_NEW/mobile_apps/ALADDIN_iOS/Shared/Components/Modals/BackupRecoveryModal.swift -primary-file /Users/sergejhlystov/ALADDIN_NEW/ALADDIN_NEW/mobile_apps/ALADDIN_iOS/Screens/RewardsModalView.swift -primary-file /Users/sergejhlystov/ALADDIN_NEW/ALADDIN_NEW/mobile_apps/ALADDIN_iOS/Screens/23_FamilyChatScreen.swift -primary-file /Users/sergejhlystov/ALADDIN_NEW/ALADDIN_NEW/mobile_apps/ALADDIN_iOS/Core/Storage/StorageManager.swift -primary-file /Users/sergejhlystov/ALADDIN_NEW/ALADDIN_NEW/mobile_apps/ALADDIN_iOS/Screens/02_FamilyScreen.swift -primary-file /Users/sergejhlystov/ALADDIN_NEW/ALADDIN_NEW/mobile_apps/ALADDIN_iOS/Screens/20_DevicesScreen.swift -primary-file /Users/sergejhlystov/ALADDIN_NEW/ALADDIN_NEW/mobile_apps/ALADDIN_iOS/Shared/Components/Buttons/SecondaryButton.swift -primary-file /Users/sergejhlystov/ALADDIN_NEW/ALADDIN_NEW/mobile_apps/ALADDIN_iOS/Components/EnhancedThreatCategoryCard.swift -primary-file /Users/sergejhlystov/ALADDIN_NEW/ALADDIN_NEW/mobile_apps/ALADDIN_iOS/Shared/Components/ViewModifiers.swift -primary-file /Users/sergejhlystov/ALADDIN_NEW/ALADDIN_NEW/mobile_apps/ALADDIN_iOS/Shared/Components/CollapsibleSection.swift -primary-file /Users/sergejhlystov/ALADDIN_NEW/ALADDIN_NEW/mobile_apps/ALADDIN_iOS/Shared/Components/HapticFeedback.swift -primary-file /Users/sergejhlystov/ALADDIN_NEW/ALADDIN_NEW/mobile_apps/ALADDIN_iOS/Screens/MainScreenWithRegistration.swift -primary-file /Users/sergejhlystov/ALADDIN_NEW/ALADDIN_NEW/mobile_apps/ALADDIN_iOS/Core/Network/NetworkError.swift -primary-file /Users/sergejhlystov/ALADDIN_NEW/ALADDIN_NEW/mobile_apps/ALADDIN_iOS/Screens/LanguageSettingsScreen.swift -primary-file /Users/sergejhlystov/ALADDIN_NEW/ALADDIN_NEW/mobile_apps/ALADDIN_iOS/ViewModels/FamilyRegistrationViewModel.swift -primary-file /Users/sergejhlystov/ALADDIN_NEW/ALADDIN_NEW/mobile_apps/ALADDIN_iOS/Shared/Models/ParentalControlFeature.swift -primary-file /Users/sergejhlystov/ALADDIN_NEW/ALADDIN_NEW/mobile_apps/ALADDIN_iOS/Shared/Styles/CornerRadius.swift -primary-file /Users/sergejhlystov/ALADDIN_NEW/ALADDIN_NEW/mobile_apps/ALADDIN_iOS/Screens/01_MainScreen.swift -primary-file /Users/sergejhlystov/ALADDIN_NEW/ALADDIN_NEW/mobile_apps/ALADDIN_iOS/Screens/03_NetworkProtectionScreen.swift -primary-file /Users/sergejhlystov/ALADDIN_NEW/ALADDIN_NEW/mobile_apps/ALADDIN_iOS/Screens/FamilyTournamentView.swift -primary-file /Users/sergejhlystov/ALADDIN_NEW/ALADDIN_NEW/mobile_apps/ALADDIN_iOS/Screens/FamilyProtectorView.swift -supplementary-output-file-map /Users/sergejhlystov/Library/Developer/Xcode/DerivedData/ALADDIN-eahryzmutvtbyceygnlyjsmiiaha/Build/Intermediates.noindex/ALADDIN.build/Debug-iphonesimulator/ALADDIN.build/Objects-normal/x86_64/supplementaryOutputs-6 -target x86_64-apple-ios15.2-simulator -enable-objc-interop -sdk /Applications/Xcode.app/Contents/Developer/Platforms/iPhoneSimulator.platform/Developer/SDKs/iPhoneSimulator15.2.sdk -I /Users/sergejhlystov/Library/Developer/Xcode/DerivedData/ALADDIN-eahryzmutvtbyceygnlyjsmiiaha/Build/Products/Debug-iphonesimulator -F /Users/sergejhlystov/Library/Developer/Xcode/DerivedData/ALADDIN-eahryzmutvtbyceygnlyjsmiiaha/Build/Products/Debug-iphonesimulator -no-color-diagnostics -enable-testing -g -module-cache-path /Users/sergejhlystov/Library/Developer/Xcode/DerivedData/ModuleCache.noindex -emit-localized-strings -emit-localized-strings-path /Users/sergejhlystov/Library/Developer/Xcode/DerivedData/ALADDIN-eahryzmutvtbyceygnlyjsmiiaha/Build/Intermediates.noindex/ALADDIN.build/Debug-iphonesimulator/ALADDIN.build/Objects-normal/x86_64 -swift-version 5 -enforce-exclusivity\=checked -Onone -D DEBUG -serialize-debugging-options -Xcc -working-directory -Xcc /Users/sergejhlystov/ALADDIN_NEW/ALADDIN_NEW/mobile_apps/ALADDIN_iOS -resource-dir /Applications/Xcode.app/Contents/Developer/Toolchains/XcodeDefault.xctoolchain/usr/lib/swift -enable-anonymous-context-mangled-names -Xcc -I/Users/sergejhlystov/Library/Developer/Xcode/DerivedData/ALADDIN-eahryzmutvtbyceygnlyjsmiiaha/Build/Intermediates.noindex/ALADDIN.build/Debug-iphonesimulator/ALADDIN.build/swift-overrides.hmap -Xcc -iquote -Xcc /Users/sergejhlystov/Library/Developer/Xcode/DerivedData/ALADDIN-eahryzmutvtbyceygnlyjsmiiaha/Build/Intermediates.noindex/ALADDIN.build/Debug-iphonesimulator/ALADDIN.build/ALADDIN-generated-files.hmap -Xcc -I/Users/sergejhlystov/Library/Developer/Xcode/DerivedData/ALADDIN-eahryzmutvtbyceygnlyjsmiiaha/Build/Intermediates.noindex/ALADDIN.build/Debug-iphonesimulator/ALADDIN.build/ALADDIN-own-target-headers.hmap -Xcc -I/Users/sergejhlystov/Library/Developer/Xcode/DerivedData/ALADDIN-eahryzmutvtbyceygnlyjsmiiaha/Build/Intermediates.noindex/ALADDIN.build/Debug-iphonesimulator/ALADDIN.build/ALADDIN-all-target-headers.hmap -Xcc -iquote -Xcc /Users/sergejhlystov/Library/Developer/Xcode/DerivedData/ALADDIN-eahryzmutvtbyceygnlyjsmiiaha/Build/Intermediates.noindex/ALADDIN.build/Debug-iphonesimulator/ALADDIN.build/ALADDIN-project-headers.hmap -Xcc -I/Users/sergejhlystov/Library/Developer/Xcode/DerivedData/ALADDIN-eahryzmutvtbyceygnlyjsmiiaha/Build/Products/Debug-iphonesimulator/include -Xcc -I/Users/sergejhlystov/Library/Developer/Xcode/DerivedData/ALADDIN-eahryzmutvtbyceygnlyjsmiiaha/Build/Intermediates.noindex/ALADDIN.build/Debug-iphonesimulator/ALADDIN.build/DerivedSources-normal/x86_64 -Xcc -I/Users/sergejhlystov/Library/Developer/Xcode/DerivedData/ALADDIN-eahryzmutvtbyceygnlyjsmiiaha/Build/Intermediates.noindex/ALADDIN.build/Debug-iphonesimulator/ALADDIN.build/DerivedSources/x86_64 -Xcc -I/Users/sergejhlystov/Library/Developer/Xcode/DerivedData/ALADDIN-eahryzmutvtbyceygnlyjsmiiaha/Build/Intermediates.noindex/ALADDIN.build/Debug-iphonesimulator/ALADDIN.build/DerivedSources -Xcc -DDEBUG\=1 -module-name ALADDIN -target-sdk-version 15.2.0 -o /Users/sergejhlystov/Library/Developer/Xcode/DerivedData/ALADDIN-eahryzmutvtbyceygnlyjsmiiaha/Build/Intermediates.noindex/ALADDIN.build/Debug-iphonesimulator/ALADDIN.build/Objects-normal/x86_64/BackupRecoveryModal.o -o /Users/sergejhlystov/Library/Developer/Xcode/DerivedData/ALADDIN-eahryzmutvtbyceygnlyjsmiiaha/Build/Intermediates.noindex/ALADDIN.build/Debug-iphonesimulator/ALADDIN.build/Objects-normal/x86_64/RewardsModalView.o -o /Users/sergejhlystov/Library/Developer/Xcode/DerivedData/ALADDIN-eahryzmutvtbyceygnlyjsmiiaha/Build/Intermediates.noindex/ALADDIN.build/Debug-iphonesimulator/ALADDIN.build/Objects-normal/x86_64/23_FamilyChatScreen.o -o /Users/sergejhlystov/Library/Developer/Xcode/DerivedData/ALADDIN-eahryzmutvtbyceygnlyjsmiiaha/Build/Intermediates.noindex/ALADDIN.build/Debug-iphonesimulator/ALADDIN.build/Objects-normal/x86_64/StorageManager.o -o /Users/sergejhlystov/Library/Developer/Xcode/DerivedData/ALADDIN-eahryzmutvtbyceygnlyjsmiiaha/Build/Intermediates.noindex/ALADDIN.build/Debug-iphonesimulator/ALADDIN.build/Objects-normal/x86_64/02_FamilyScreen.o -o /Users/sergejhlystov/Library/Developer/Xcode/DerivedData/ALADDIN-eahryzmutvtbyceygnlyjsmiiaha/Build/Intermediates.noindex/ALADDIN.build/Debug-iphonesimulator/ALADDIN.build/Objects-normal/x86_64/20_DevicesScreen.o -o /Users/sergejhlystov/Library/Developer/Xcode/DerivedData/ALADDIN-eahryzmutvtbyceygnlyjsmiiaha/Build/Intermediates.noindex/ALADDIN.build/Debug-iphonesimulator/ALADDIN.build/Objects-normal/x86_64/SecondaryButton.o -o /Users/sergejhlystov/Library/Developer/Xcode/DerivedData/ALADDIN-eahryzmutvtbyceygnlyjsmiiaha/Build/Intermediates.noindex/ALADDIN.build/Debug-iphonesimulator/ALADDIN.build/Objects-normal/x86_64/EnhancedThreatCategoryCard.o -o /Users/sergejhlystov/Library/Developer/Xcode/DerivedData/ALADDIN-eahryzmutvtbyceygnlyjsmiiaha/Build/Intermediates.noindex/ALADDIN.build/Debug-iphonesimulator/ALADDIN.build/Objects-normal/x86_64/ViewModifiers.o -o /Users/sergejhlystov/Library/Developer/Xcode/DerivedData/ALADDIN-eahryzmutvtbyceygnlyjsmiiaha/Build/Intermediates.noindex/ALADDIN.build/Debug-iphonesimulator/ALADDIN.build/Objects-normal/x86_64/CollapsibleSection.o -o /Users/sergejhlystov/Library/Developer/Xcode/DerivedData/ALADDIN-eahryzmutvtbyceygnlyjsmiiaha/Build/Intermediates.noindex/ALADDIN.build/Debug-iphonesimulator/ALADDIN.build/Objects-normal/x86_64/HapticFeedback.o -o /Users/sergejhlystov/Library/Developer/Xcode/DerivedData/ALADDIN-eahryzmutvtbyceygnlyjsmiiaha/Build/Intermediates.noindex/ALADDIN.build/Debug-iphonesimulator/ALADDIN.build/Objects-normal/x86_64/MainScreenWithRegistration.o -o /Users/sergejhlystov/Library/Developer/Xcode/DerivedData/ALADDIN-eahryzmutvtbyceygnlyjsmiiaha/Build/Intermediates.noindex/ALADDIN.build/Debug-iphonesimulator/ALADDIN.build/Objects-normal/x86_64/NetworkError.o -o /Users/sergejhlystov/Library/Developer/Xcode/DerivedData/ALADDIN-eahryzmutvtbyceygnlyjsmiiaha/Build/Intermediates.noindex/ALADDIN.build/Debug-iphonesimulator/ALADDIN.build/Objects-normal/x86_64/LanguageSettingsScreen.o -o /Users/sergejhlystov/Library/Developer/Xcode/DerivedData/ALADDIN-eahryzmutvtbyceygnlyjsmiiaha/Build/Intermediates.noindex/ALADDIN.build/Debug-iphonesimulator/ALADDIN.build/Objects-normal/x86_64/FamilyRegistrationViewModel.o -o /Users/sergejhlystov/Library/Developer/Xcode/DerivedData/ALADDIN-eahryzmutvtbyceygnlyjsmiiaha/Build/Intermediates.noindex/ALADDIN.build/Debug-iphonesimulator/ALADDIN.build/Objects-normal/x86_64/ParentalControlFeature.o -o /Users/sergejhlystov/Library/Developer/Xcode/DerivedData/ALADDIN-eahryzmutvtbyceygnlyjsmiiaha/Build/Intermediates.noindex/ALADDIN.build/Debug-iphonesimulator/ALADDIN.build/Objects-normal/x86_64/CornerRadius.o -o /Users/sergejhlystov/Library/Developer/Xcode/DerivedData/ALADDIN-eahryzmutvtbyceygnlyjsmiiaha/Build/Intermediates.noindex/ALADDIN.build/Debug-iphonesimulator/ALADDIN.build/Objects-normal/x86_64/01_MainScreen.o -o /Users/sergejhlystov/Library/Developer/Xcode/DerivedData/ALADDIN-eahryzmutvtbyceygnlyjsmiiaha/Build/Intermediates.noindex/ALADDIN.build/Debug-iphonesimulator/ALADDIN.build/Objects-normal/x86_64/03_NetworkProtectionScreen.o -o /Users/sergejhlystov/Library/Developer/Xcode/DerivedData/ALADDIN-eahryzmutvtbyceygnlyjsmiiaha/Build/Intermediates.noindex/ALADDIN.build/Debug-iphonesimulator/ALADDIN.build/Objects-normal/x86_64/FamilyTournamentView.o -o /Users/sergejhlystov/Library/Developer/Xcode/DerivedData/ALADDIN-eahryzmutvtbyceygnlyjsmiiaha/Build/Intermediates.noindex/ALADDIN.build/Debug-iphonesimulator/ALADDIN.build/Objects-normal/x86_64/FamilyProtectorView.o -index-store-path /Users/sergejhlystov/Library/Developer/Xcode/DerivedData/ALADDIN-eahryzmutvtbyceygnlyjsmiiaha/Index/DataStore -index-system-modules
/Users/sergejhlystov/ALADDIN_NEW/ALADDIN_NEW/mobile_apps/ALADDIN_iOS/Screens/23_FamilyChatScreen.swift:599:21: warning: variable 'updatedMessage' was never mutated; consider changing to 'let' constant
                var updatedMessage = messages[index]
                ~~~ ^
                let
/Users/sergejhlystov/ALADDIN_NEW/ALADDIN_NEW/mobile_apps/ALADDIN_iOS/Screens/23_FamilyChatScreen.swift:749:29: warning: variable 'updated' was never mutated; consider changing to 'let' constant
                        var updated = messages[index]
                        ~~~ ^
                        let
/Users/sergejhlystov/ALADDIN_NEW/ALADDIN_NEW/mobile_apps/ALADDIN_iOS/Screens/23_FamilyChatScreen.swift:813:53: error: extra argument 'replyToMessage' in call
                            replyToMessage: updated.replyToMessage,
                                            ~~~~~~~~^~~~~~~~~~~~~~
/Users/sergejhlystov/ALADDIN_NEW/ALADDIN_NEW/mobile_apps/ALADDIN_iOS/Screens/23_FamilyChatScreen.swift:813:53: error: value of type 'FamilyChatMessage' has no member 'replyToMessage'
                            replyToMessage: updated.replyToMessage,
                                            ~~~~~~~ ^~~~~~~~~~~~~~

SwiftDriverJob-Compile normal x86_64 Compiling\ Toast.swift,\ ALADDINNavigationBar.swift,\ 14_OnboardingScreen.swift,\ FamilyCreatedModal.swift,\ PaymentQRViewModel.swift,\ MediaMessageBubble.swift,\ NavigationManager.swift,\ AccessibilityManager.swift,\ URLHelper.swift,\ StoreManager.swift,\ WheelOfFortuneView.swift,\ UnicornUniverseView.swift,\ YoungDefenderView.swift,\ LocalizationManager.swift,\ 13_SupportScreen.swift,\ VoiceMessageRecorder.swift,\ AnalyticsManager.swift,\ 07_ParentalControlScreen.swift,\ 05_SettingsScreen.swift,\ ALADDINTextField.swift,\ ChatSearchBar.swift /Users/sergejhlystov/ALADDIN_NEW/ALADDIN_NEW/mobile_apps/ALADDIN_iOS/Shared/Components/Toast.swift /Users/sergejhlystov/ALADDIN_NEW/ALADDIN_NEW/mobile_apps/ALADDIN_iOS/Shared/Components/Navigation/ALADDINNavigationBar.swift /Users/sergejhlystov/ALADDIN_NEW/ALADDIN_NEW/mobile_apps/ALADDIN_iOS/Screens/14_OnboardingScreen.swift /Users/sergejhlystov/ALADDIN_NEW/ALADDIN_NEW/mobile_apps/ALADDIN_iOS/Components/Modals/FamilyCreatedModal.swift /Users/sergejhlystov/ALADDIN_NEW/ALADDIN_NEW/mobile_apps/ALADDIN_iOS/ViewModels/PaymentQRViewModel.swift /Users/sergejhlystov/ALADDIN_NEW/ALADDIN_NEW/mobile_apps/ALADDIN_iOS/Shared/Components/Chat/MediaMessageBubble.swift /Users/sergejhlystov/ALADDIN_NEW/ALADDIN_NEW/mobile_apps/ALADDIN_iOS/Core/Navigation/NavigationManager.swift /Users/sergejhlystov/ALADDIN_NEW/ALADDIN_NEW/mobile_apps/ALADDIN_iOS/Core/Accessibility/AccessibilityManager.swift /Users/sergejhlystov/ALADDIN_NEW/ALADDIN_NEW/mobile_apps/ALADDIN_iOS/Core/Helpers/URLHelper.swift /Users/sergejhlystov/ALADDIN_NEW/ALADDIN_NEW/mobile_apps/ALADDIN_iOS/Core/Store/StoreManager.swift /Users/sergejhlystov/ALADDIN_NEW/ALADDIN_NEW/mobile_apps/ALADDIN_iOS/Screens/WheelOfFortuneView.swift /Users/sergejhlystov/ALADDIN_NEW/ALADDIN_NEW/mobile_apps/ALADDIN_iOS/Screens/UnicornUniverseView.swift /Users/sergejhlystov/ALADDIN_NEW/ALADDIN_NEW/mobile_apps/ALADDIN_iOS/Screens/YoungDefenderView.swift /Users/sergejhlystov/ALADDIN_NEW/ALADDIN_NEW/mobile_apps/ALADDIN_iOS/Core/Localization/LocalizationManager.swift /Users/sergejhlystov/ALADDIN_NEW/ALADDIN_NEW/mobile_apps/ALADDIN_iOS/Screens/13_SupportScreen.swift /Users/sergejhlystov/ALADDIN_NEW/ALADDIN_NEW/mobile_apps/ALADDIN_iOS/Core/Audio/VoiceMessageRecorder.swift /Users/sergejhlystov/ALADDIN_NEW/ALADDIN_NEW/mobile_apps/ALADDIN_iOS/Core/Analytics/AnalyticsManager.swift /Users/sergejhlystov/ALADDIN_NEW/ALADDIN_NEW/mobile_apps/ALADDIN_iOS/Screens/07_ParentalControlScreen.swift /Users/sergejhlystov/ALADDIN_NEW/ALADDIN_NEW/mobile_apps/ALADDIN_iOS/Screens/05_SettingsScreen.swift /Users/sergejhlystov/ALADDIN_NEW/ALADDIN_NEW/mobile_apps/ALADDIN_iOS/Shared/Components/Inputs/ALADDINTextField.swift /Users/sergejhlystov/ALADDIN_NEW/ALADDIN_NEW/mobile_apps/ALADDIN_iOS/Shared/Components/Chat/ChatSearchBar.swift (in target 'ALADDIN' from project 'ALADDIN')
    cd /Users/sergejhlystov/ALADDIN_NEW/ALADDIN_NEW/mobile_apps/ALADDIN_iOS
    export DEVELOPER_DIR\=/Applications/Xcode.app/Contents/Developer
    export SDKROOT\=/Applications/Xcode.app/Contents/Developer/Platforms/iPhoneSimulator.platform/Developer/SDKs/iPhoneSimulator15.2.sdk
    builtin-swiftDriverJobExecution -- /Applications/Xcode.app/Contents/Developer/Toolchains/XcodeDefault.xctoolchain/usr/bin/swift-frontend -frontend -c -filelist /Users/sergejhlystov/Library/Developer/Xcode/DerivedData/ALADDIN-eahryzmutvtbyceygnlyjsmiiaha/Build/Intermediates.noindex/ALADDIN.build/Debug-iphonesimulator/ALADDIN.build/Objects-normal/x86_64/sources-1 -primary-file /Users/sergejhlystov/ALADDIN_NEW/ALADDIN_NEW/mobile_apps/ALADDIN_iOS/Shared/Components/Toast.swift -primary-file /Users/sergejhlystov/ALADDIN_NEW/ALADDIN_NEW/mobile_apps/ALADDIN_iOS/Shared/Components/Navigation/ALADDINNavigationBar.swift -primary-file /Users/sergejhlystov/ALADDIN_NEW/ALADDIN_NEW/mobile_apps/ALADDIN_iOS/Screens/14_OnboardingScreen.swift -primary-file /Users/sergejhlystov/ALADDIN_NEW/ALADDIN_NEW/mobile_apps/ALADDIN_iOS/Components/Modals/FamilyCreatedModal.swift -primary-file /Users/sergejhlystov/ALADDIN_NEW/ALADDIN_NEW/mobile_apps/ALADDIN_iOS/ViewModels/PaymentQRViewModel.swift -primary-file /Users/sergejhlystov/ALADDIN_NEW/ALADDIN_NEW/mobile_apps/ALADDIN_iOS/Shared/Components/Chat/MediaMessageBubble.swift -primary-file /Users/sergejhlystov/ALADDIN_NEW/ALADDIN_NEW/mobile_apps/ALADDIN_iOS/Core/Navigation/NavigationManager.swift -primary-file /Users/sergejhlystov/ALADDIN_NEW/ALADDIN_NEW/mobile_apps/ALADDIN_iOS/Core/Accessibility/AccessibilityManager.swift -primary-file /Users/sergejhlystov/ALADDIN_NEW/ALADDIN_NEW/mobile_apps/ALADDIN_iOS/Core/Helpers/URLHelper.swift -primary-file /Users/sergejhlystov/ALADDIN_NEW/ALADDIN_NEW/mobile_apps/ALADDIN_iOS/Core/Store/StoreManager.swift -primary-file /Users/sergejhlystov/ALADDIN_NEW/ALADDIN_NEW/mobile_apps/ALADDIN_iOS/Screens/WheelOfFortuneView.swift -primary-file /Users/sergejhlystov/ALADDIN_NEW/ALADDIN_NEW/mobile_apps/ALADDIN_iOS/Screens/UnicornUniverseView.swift -primary-file /Users/sergejhlystov/ALADDIN_NEW/ALADDIN_NEW/mobile_apps/ALADDIN_iOS/Screens/YoungDefenderView.swift -primary-file /Users/sergejhlystov/ALADDIN_NEW/ALADDIN_NEW/mobile_apps/ALADDIN_iOS/Core/Localization/LocalizationManager.swift -primary-file /Users/sergejhlystov/ALADDIN_NEW/ALADDIN_NEW/mobile_apps/ALADDIN_iOS/Screens/13_SupportScreen.swift -primary-file /Users/sergejhlystov/ALADDIN_NEW/ALADDIN_NEW/mobile_apps/ALADDIN_iOS/Core/Audio/VoiceMessageRecorder.swift -primary-file /Users/sergejhlystov/ALADDIN_NEW/ALADDIN_NEW/mobile_apps/ALADDIN_iOS/Core/Analytics/AnalyticsManager.swift -primary-file /Users/sergejhlystov/ALADDIN_NEW/ALADDIN_NEW/mobile_apps/ALADDIN_iOS/Screens/07_ParentalControlScreen.swift -primary-file /Users/sergejhlystov/ALADDIN_NEW/ALADDIN_NEW/mobile_apps/ALADDIN_iOS/Screens/05_SettingsScreen.swift -primary-file /Users/sergejhlystov/ALADDIN_NEW/ALADDIN_NEW/mobile_apps/ALADDIN_iOS/Shared/Components/Inputs/ALADDINTextField.swift -primary-file /Users/sergejhlystov/ALADDIN_NEW/ALADDIN_NEW/mobile_apps/ALADDIN_iOS/Shared/Components/Chat/ChatSearchBar.swift -supplementary-output-file-map /Users/sergejhlystov/Library/Developer/Xcode/DerivedData/ALADDIN-eahryzmutvtbyceygnlyjsmiiaha/Build/Intermediates.noindex/ALADDIN.build/Debug-iphonesimulator/ALADDIN.build/Objects-normal/x86_64/supplementaryOutputs-5 -target x86_64-apple-ios15.2-simulator -enable-objc-interop -sdk /Applications/Xcode.app/Contents/Developer/Platforms/iPhoneSimulator.platform/Developer/SDKs/iPhoneSimulator15.2.sdk -I /Users/sergejhlystov/Library/Developer/Xcode/DerivedData/ALADDIN-eahryzmutvtbyceygnlyjsmiiaha/Build/Products/Debug-iphonesimulator -F /Users/sergejhlystov/Library/Developer/Xcode/DerivedData/ALADDIN-eahryzmutvtbyceygnlyjsmiiaha/Build/Products/Debug-iphonesimulator -no-color-diagnostics -enable-testing -g -module-cache-path /Users/sergejhlystov/Library/Developer/Xcode/DerivedData/ModuleCache.noindex -emit-localized-strings -emit-localized-strings-path /Users/sergejhlystov/Library/Developer/Xcode/DerivedData/ALADDIN-eahryzmutvtbyceygnlyjsmiiaha/Build/Intermediates.noindex/ALADDIN.build/Debug-iphonesimulator/ALADDIN.build/Objects-normal/x86_64 -swift-version 5 -enforce-exclusivity\=checked -Onone -D DEBUG -serialize-debugging-options -Xcc -working-directory -Xcc /Users/sergejhlystov/ALADDIN_NEW/ALADDIN_NEW/mobile_apps/ALADDIN_iOS -resource-dir /Applications/Xcode.app/Contents/Developer/Toolchains/XcodeDefault.xctoolchain/usr/lib/swift -enable-anonymous-context-mangled-names -Xcc -I/Users/sergejhlystov/Library/Developer/Xcode/DerivedData/ALADDIN-eahryzmutvtbyceygnlyjsmiiaha/Build/Intermediates.noindex/ALADDIN.build/Debug-iphonesimulator/ALADDIN.build/swift-overrides.hmap -Xcc -iquote -Xcc /Users/sergejhlystov/Library/Developer/Xcode/DerivedData/ALADDIN-eahryzmutvtbyceygnlyjsmiiaha/Build/Intermediates.noindex/ALADDIN.build/Debug-iphonesimulator/ALADDIN.build/ALADDIN-generated-files.hmap -Xcc -I/Users/sergejhlystov/Library/Developer/Xcode/DerivedData/ALADDIN-eahryzmutvtbyceygnlyjsmiiaha/Build/Intermediates.noindex/ALADDIN.build/Debug-iphonesimulator/ALADDIN.build/ALADDIN-own-target-headers.hmap -Xcc -I/Users/sergejhlystov/Library/Developer/Xcode/DerivedData/ALADDIN-eahryzmutvtbyceygnlyjsmiiaha/Build/Intermediates.noindex/ALADDIN.build/Debug-iphonesimulator/ALADDIN.build/ALADDIN-all-target-headers.hmap -Xcc -iquote -Xcc /Users/sergejhlystov/Library/Developer/Xcode/DerivedData/ALADDIN-eahryzmutvtbyceygnlyjsmiiaha/Build/Intermediates.noindex/ALADDIN.build/Debug-iphonesimulator/ALADDIN.build/ALADDIN-project-headers.hmap -Xcc -I/Users/sergejhlystov/Library/Developer/Xcode/DerivedData/ALADDIN-eahryzmutvtbyceygnlyjsmiiaha/Build/Products/Debug-iphonesimulator/include -Xcc -I/Users/sergejhlystov/Library/Developer/Xcode/DerivedData/ALADDIN-eahryzmutvtbyceygnlyjsmiiaha/Build/Intermediates.noindex/ALADDIN.build/Debug-iphonesimulator/ALADDIN.build/DerivedSources-normal/x86_64 -Xcc -I/Users/sergejhlystov/Library/Developer/Xcode/DerivedData/ALADDIN-eahryzmutvtbyceygnlyjsmiiaha/Build/Intermediates.noindex/ALADDIN.build/Debug-iphonesimulator/ALADDIN.build/DerivedSources/x86_64 -Xcc -I/Users/sergejhlystov/Library/Developer/Xcode/DerivedData/ALADDIN-eahryzmutvtbyceygnlyjsmiiaha/Build/Intermediates.noindex/ALADDIN.build/Debug-iphonesimulator/ALADDIN.build/DerivedSources -Xcc -DDEBUG\=1 -module-name ALADDIN -target-sdk-version 15.2.0 -o /Users/sergejhlystov/Library/Developer/Xcode/DerivedData/ALADDIN-eahryzmutvtbyceygnlyjsmiiaha/Build/Intermediates.noindex/ALADDIN.build/Debug-iphonesimulator/ALADDIN.build/Objects-normal/x86_64/Toast.o -o /Users/sergejhlystov/Library/Developer/Xcode/DerivedData/ALADDIN-eahryzmutvtbyceygnlyjsmiiaha/Build/Intermediates.noindex/ALADDIN.build/Debug-iphonesimulator/ALADDIN.build/Objects-normal/x86_64/ALADDINNavigationBar.o -o /Users/sergejhlystov/Library/Developer/Xcode/DerivedData/ALADDIN-eahryzmutvtbyceygnlyjsmiiaha/Build/Intermediates.noindex/ALADDIN.build/Debug-iphonesimulator/ALADDIN.build/Objects-normal/x86_64/14_OnboardingScreen.o -o /Users/sergejhlystov/Library/Developer/Xcode/DerivedData/ALADDIN-eahryzmutvtbyceygnlyjsmiiaha/Build/Intermediates.noindex/ALADDIN.build/Debug-iphonesimulator/ALADDIN.build/Objects-normal/x86_64/FamilyCreatedModal.o -o /Users/sergejhlystov/Library/Developer/Xcode/DerivedData/ALADDIN-eahryzmutvtbyceygnlyjsmiiaha/Build/Intermediates.noindex/ALADDIN.build/Debug-iphonesimulator/ALADDIN.build/Objects-normal/x86_64/PaymentQRViewModel.o -o /Users/sergejhlystov/Library/Developer/Xcode/DerivedData/ALADDIN-eahryzmutvtbyceygnlyjsmiiaha/Build/Intermediates.noindex/ALADDIN.build/Debug-iphonesimulator/ALADDIN.build/Objects-normal/x86_64/MediaMessageBubble.o -o /Users/sergejhlystov/Library/Developer/Xcode/DerivedData/ALADDIN-eahryzmutvtbyceygnlyjsmiiaha/Build/Intermediates.noindex/ALADDIN.build/Debug-iphonesimulator/ALADDIN.build/Objects-normal/x86_64/NavigationManager.o -o /Users/sergejhlystov/Library/Developer/Xcode/DerivedData/ALADDIN-eahryzmutvtbyceygnlyjsmiiaha/Build/Intermediates.noindex/ALADDIN.build/Debug-iphonesimulator/ALADDIN.build/Objects-normal/x86_64/AccessibilityManager.o -o /Users/sergejhlystov/Library/Developer/Xcode/DerivedData/ALADDIN-eahryzmutvtbyceygnlyjsmiiaha/Build/Intermediates.noindex/ALADDIN.build/Debug-iphonesimulator/ALADDIN.build/Objects-normal/x86_64/URLHelper.o -o /Users/sergejhlystov/Library/Developer/Xcode/DerivedData/ALADDIN-eahryzmutvtbyceygnlyjsmiiaha/Build/Intermediates.noindex/ALADDIN.build/Debug-iphonesimulator/ALADDIN.build/Objects-normal/x86_64/StoreManager.o -o /Users/sergejhlystov/Library/Developer/Xcode/DerivedData/ALADDIN-eahryzmutvtbyceygnlyjsmiiaha/Build/Intermediates.noindex/ALADDIN.build/Debug-iphonesimulator/ALADDIN.build/Objects-normal/x86_64/WheelOfFortuneView.o -o /Users/sergejhlystov/Library/Developer/Xcode/DerivedData/ALADDIN-eahryzmutvtbyceygnlyjsmiiaha/Build/Intermediates.noindex/ALADDIN.build/Debug-iphonesimulator/ALADDIN.build/Objects-normal/x86_64/UnicornUniverseView.o -o /Users/sergejhlystov/Library/Developer/Xcode/DerivedData/ALADDIN-eahryzmutvtbyceygnlyjsmiiaha/Build/Intermediates.noindex/ALADDIN.build/Debug-iphonesimulator/ALADDIN.build/Objects-normal/x86_64/YoungDefenderView.o -o /Users/sergejhlystov/Library/Developer/Xcode/DerivedData/ALADDIN-eahryzmutvtbyceygnlyjsmiiaha/Build/Intermediates.noindex/ALADDIN.build/Debug-iphonesimulator/ALADDIN.build/Objects-normal/x86_64/LocalizationManager.o -o /Users/sergejhlystov/Library/Developer/Xcode/DerivedData/ALADDIN-eahryzmutvtbyceygnlyjsmiiaha/Build/Intermediates.noindex/ALADDIN.build/Debug-iphonesimulator/ALADDIN.build/Objects-normal/x86_64/13_SupportScreen.o -o /Users/sergejhlystov/Library/Developer/Xcode/DerivedData/ALADDIN-eahryzmutvtbyceygnlyjsmiiaha/Build/Intermediates.noindex/ALADDIN.build/Debug-iphonesimulator/ALADDIN.build/Objects-normal/x86_64/VoiceMessageRecorder.o -o /Users/sergejhlystov/Library/Developer/Xcode/DerivedData/ALADDIN-eahryzmutvtbyceygnlyjsmiiaha/Build/Intermediates.noindex/ALADDIN.build/Debug-iphonesimulator/ALADDIN.build/Objects-normal/x86_64/AnalyticsManager.o -o /Users/sergejhlystov/Library/Developer/Xcode/DerivedData/ALADDIN-eahryzmutvtbyceygnlyjsmiiaha/Build/Intermediates.noindex/ALADDIN.build/Debug-iphonesimulator/ALADDIN.build/Objects-normal/x86_64/07_ParentalControlScreen.o -o /Users/sergejhlystov/Library/Developer/Xcode/DerivedData/ALADDIN-eahryzmutvtbyceygnlyjsmiiaha/Build/Intermediates.noindex/ALADDIN.build/Debug-iphonesimulator/ALADDIN.build/Objects-normal/x86_64/05_SettingsScreen.o -o /Users/sergejhlystov/Library/Developer/Xcode/DerivedData/ALADDIN-eahryzmutvtbyceygnlyjsmiiaha/Build/Intermediates.noindex/ALADDIN.build/Debug-iphonesimulator/ALADDIN.build/Objects-normal/x86_64/ALADDINTextField.o -o /Users/sergejhlystov/Library/Developer/Xcode/DerivedData/ALADDIN-eahryzmutvtbyceygnlyjsmiiaha/Build/Intermediates.noindex/ALADDIN.build/Debug-iphonesimulator/ALADDIN.build/Objects-normal/x86_64/ChatSearchBar.o -index-store-path /Users/sergejhlystov/Library/Developer/Xcode/DerivedData/ALADDIN-eahryzmutvtbyceygnlyjsmiiaha/Index/DataStore -index-system-modules

SwiftDriverJob-Compile normal x86_64 Compiling\ InvitationCodeInputModal.swift,\ MessageActionsMenu.swift,\ Spacing.swift,\ RecoveryOptionsModal.swift,\ ShareSheet.swift,\ TariffCard.swift,\ SettingsViewModel.swift,\ VoiceRecordingView.swift,\ InfoRow.swift,\ 25_PaymentQRScreen.swift,\ RoleSelectionModal.swift,\ ProtectionLevelExplanationModal.swift,\ ProtectionLevelHistoryModal.swift,\ RecoveryCodeModal.swift,\ SupportViewModel.swift,\ MessageReactionsView.swift,\ ChildInterfaceViewModel.swift,\ 12_NotificationsScreen.swift,\ VoiceMessageBubble.swift,\ ElderlyInterfaceViewModel.swift,\ AnalyticsViewModel.swift /Users/sergejhlystov/ALADDIN_NEW/ALADDIN_NEW/mobile_apps/ALADDIN_iOS/Shared/Components/Modals/InvitationCodeInputModal.swift /Users/sergejhlystov/ALADDIN_NEW/ALADDIN_NEW/mobile_apps/ALADDIN_iOS/Shared/Components/Chat/MessageActionsMenu.swift /Users/sergejhlystov/ALADDIN_NEW/ALADDIN_NEW/mobile_apps/ALADDIN_iOS/Shared/Styles/Spacing.swift /Users/sergejhlystov/ALADDIN_NEW/ALADDIN_NEW/mobile_apps/ALADDIN_iOS/Shared/Components/RecoveryOptionsModal.swift /Users/sergejhlystov/ALADDIN_NEW/ALADDIN_NEW/mobile_apps/ALADDIN_iOS/Shared/Components/ShareSheet.swift /Users/sergejhlystov/ALADDIN_NEW/ALADDIN_NEW/mobile_apps/ALADDIN_iOS/Shared/Models/TariffCard.swift /Users/sergejhlystov/ALADDIN_NEW/ALADDIN_NEW/mobile_apps/ALADDIN_iOS/ViewModels/SettingsViewModel.swift /Users/sergejhlystov/ALADDIN_NEW/ALADDIN_NEW/mobile_apps/ALADDIN_iOS/Shared/Components/Chat/VoiceRecordingView.swift /Users/sergejhlystov/ALADDIN_NEW/ALADDIN_NEW/mobile_apps/ALADDIN_iOS/Shared/Components/InfoRow.swift /Users/sergejhlystov/ALADDIN_NEW/ALADDIN_NEW/mobile_apps/ALADDIN_iOS/Screens/25_PaymentQRScreen.swift /Users/sergejhlystov/ALADDIN_NEW/ALADDIN_NEW/mobile_apps/ALADDIN_iOS/Shared/Components/Modals/RoleSelectionModal.swift /Users/sergejhlystov/ALADDIN_NEW/ALADDIN_NEW/mobile_apps/ALADDIN_iOS/Shared/Components/Modals/ProtectionLevelExplanationModal.swift /Users/sergejhlystov/ALADDIN_NEW/ALADDIN_NEW/mobile_apps/ALADDIN_iOS/Shared/Components/Modals/ProtectionLevelHistoryModal.swift /Users/sergejhlystov/ALADDIN_NEW/ALADDIN_NEW/mobile_apps/ALADDIN_iOS/Shared/Components/Modals/RecoveryCodeModal.swift /Users/sergejhlystov/ALADDIN_NEW/ALADDIN_NEW/mobile_apps/ALADDIN_iOS/ViewModels/SupportViewModel.swift /Users/sergejhlystov/ALADDIN_NEW/ALADDIN_NEW/mobile_apps/ALADDIN_iOS/Shared/Components/Chat/MessageReactionsView.swift /Users/sergejhlystov/ALADDIN_NEW/ALADDIN_NEW/mobile_apps/ALADDIN_iOS/ViewModels/ChildInterfaceViewModel.swift /Users/sergejhlystov/ALADDIN_NEW/ALADDIN_NEW/mobile_apps/ALADDIN_iOS/Screens/12_NotificationsScreen.swift /Users/sergejhlystov/ALADDIN_NEW/ALADDIN_NEW/mobile_apps/ALADDIN_iOS/Shared/Components/Chat/VoiceMessageBubble.swift /Users/sergejhlystov/ALADDIN_NEW/ALADDIN_NEW/mobile_apps/ALADDIN_iOS/ViewModels/ElderlyInterfaceViewModel.swift /Users/sergejhlystov/ALADDIN_NEW/ALADDIN_NEW/mobile_apps/ALADDIN_iOS/ViewModels/AnalyticsViewModel.swift (in target 'ALADDIN' from project 'ALADDIN')
    cd /Users/sergejhlystov/ALADDIN_NEW/ALADDIN_NEW/mobile_apps/ALADDIN_iOS
    export DEVELOPER_DIR\=/Applications/Xcode.app/Contents/Developer
    export SDKROOT\=/Applications/Xcode.app/Contents/Developer/Platforms/iPhoneSimulator.platform/Developer/SDKs/iPhoneSimulator15.2.sdk
    builtin-swiftDriverJobExecution -- /Applications/Xcode.app/Contents/Developer/Toolchains/XcodeDefault.xctoolchain/usr/bin/swift-frontend -frontend -c -filelist /Users/sergejhlystov/Library/Developer/Xcode/DerivedData/ALADDIN-eahryzmutvtbyceygnlyjsmiiaha/Build/Intermediates.noindex/ALADDIN.build/Debug-iphonesimulator/ALADDIN.build/Objects-normal/x86_64/sources-1 -primary-file /Users/sergejhlystov/ALADDIN_NEW/ALADDIN_NEW/mobile_apps/ALADDIN_iOS/Shared/Components/Modals/InvitationCodeInputModal.swift -primary-file /Users/sergejhlystov/ALADDIN_NEW/ALADDIN_NEW/mobile_apps/ALADDIN_iOS/Shared/Components/Chat/MessageActionsMenu.swift -primary-file /Users/sergejhlystov/ALADDIN_NEW/ALADDIN_NEW/mobile_apps/ALADDIN_iOS/Shared/Styles/Spacing.swift -primary-file /Users/sergejhlystov/ALADDIN_NEW/ALADDIN_NEW/mobile_apps/ALADDIN_iOS/Shared/Components/RecoveryOptionsModal.swift -primary-file /Users/sergejhlystov/ALADDIN_NEW/ALADDIN_NEW/mobile_apps/ALADDIN_iOS/Shared/Components/ShareSheet.swift -primary-file /Users/sergejhlystov/ALADDIN_NEW/ALADDIN_NEW/mobile_apps/ALADDIN_iOS/Shared/Models/TariffCard.swift -primary-file /Users/sergejhlystov/ALADDIN_NEW/ALADDIN_NEW/mobile_apps/ALADDIN_iOS/ViewModels/SettingsViewModel.swift -primary-file /Users/sergejhlystov/ALADDIN_NEW/ALADDIN_NEW/mobile_apps/ALADDIN_iOS/Shared/Components/Chat/VoiceRecordingView.swift -primary-file /Users/sergejhlystov/ALADDIN_NEW/ALADDIN_NEW/mobile_apps/ALADDIN_iOS/Shared/Components/InfoRow.swift -primary-file /Users/sergejhlystov/ALADDIN_NEW/ALADDIN_NEW/mobile_apps/ALADDIN_iOS/Screens/25_PaymentQRScreen.swift -primary-file /Users/sergejhlystov/ALADDIN_NEW/ALADDIN_NEW/mobile_apps/ALADDIN_iOS/Shared/Components/Modals/RoleSelectionModal.swift -primary-file /Users/sergejhlystov/ALADDIN_NEW/ALADDIN_NEW/mobile_apps/ALADDIN_iOS/Shared/Components/Modals/ProtectionLevelExplanationModal.swift -primary-file /Users/sergejhlystov/ALADDIN_NEW/ALADDIN_NEW/mobile_apps/ALADDIN_iOS/Shared/Components/Modals/ProtectionLevelHistoryModal.swift -primary-file /Users/sergejhlystov/ALADDIN_NEW/ALADDIN_NEW/mobile_apps/ALADDIN_iOS/Shared/Components/Modals/RecoveryCodeModal.swift -primary-file /Users/sergejhlystov/ALADDIN_NEW/ALADDIN_NEW/mobile_apps/ALADDIN_iOS/ViewModels/SupportViewModel.swift -primary-file /Users/sergejhlystov/ALADDIN_NEW/ALADDIN_NEW/mobile_apps/ALADDIN_iOS/Shared/Components/Chat/MessageReactionsView.swift -primary-file /Users/sergejhlystov/ALADDIN_NEW/ALADDIN_NEW/mobile_apps/ALADDIN_iOS/ViewModels/ChildInterfaceViewModel.swift -primary-file /Users/sergejhlystov/ALADDIN_NEW/ALADDIN_NEW/mobile_apps/ALADDIN_iOS/Screens/12_NotificationsScreen.swift -primary-file /Users/sergejhlystov/ALADDIN_NEW/ALADDIN_NEW/mobile_apps/ALADDIN_iOS/Shared/Components/Chat/VoiceMessageBubble.swift -primary-file /Users/sergejhlystov/ALADDIN_NEW/ALADDIN_NEW/mobile_apps/ALADDIN_iOS/ViewModels/ElderlyInterfaceViewModel.swift -primary-file /Users/sergejhlystov/ALADDIN_NEW/ALADDIN_NEW/mobile_apps/ALADDIN_iOS/ViewModels/AnalyticsViewModel.swift -supplementary-output-file-map /Users/sergejhlystov/Library/Developer/Xcode/DerivedData/ALADDIN-eahryzmutvtbyceygnlyjsmiiaha/Build/Intermediates.noindex/ALADDIN.build/Debug-iphonesimulator/ALADDIN.build/Objects-normal/x86_64/supplementaryOutputs-3 -target x86_64-apple-ios15.2-simulator -enable-objc-interop -sdk /Applications/Xcode.app/Contents/Developer/Platforms/iPhoneSimulator.platform/Developer/SDKs/iPhoneSimulator15.2.sdk -I /Users/sergejhlystov/Library/Developer/Xcode/DerivedData/ALADDIN-eahryzmutvtbyceygnlyjsmiiaha/Build/Products/Debug-iphonesimulator -F /Users/sergejhlystov/Library/Developer/Xcode/DerivedData/ALADDIN-eahryzmutvtbyceygnlyjsmiiaha/Build/Products/Debug-iphonesimulator -no-color-diagnostics -enable-testing -g -module-cache-path /Users/sergejhlystov/Library/Developer/Xcode/DerivedData/ModuleCache.noindex -emit-localized-strings -emit-localized-strings-path /Users/sergejhlystov/Library/Developer/Xcode/DerivedData/ALADDIN-eahryzmutvtbyceygnlyjsmiiaha/Build/Intermediates.noindex/ALADDIN.build/Debug-iphonesimulator/ALADDIN.build/Objects-normal/x86_64 -swift-version 5 -enforce-exclusivity\=checked -Onone -D DEBUG -serialize-debugging-options -Xcc -working-directory -Xcc /Users/sergejhlystov/ALADDIN_NEW/ALADDIN_NEW/mobile_apps/ALADDIN_iOS -resource-dir /Applications/Xcode.app/Contents/Developer/Toolchains/XcodeDefault.xctoolchain/usr/lib/swift -enable-anonymous-context-mangled-names -Xcc -I/Users/sergejhlystov/Library/Developer/Xcode/DerivedData/ALADDIN-eahryzmutvtbyceygnlyjsmiiaha/Build/Intermediates.noindex/ALADDIN.build/Debug-iphonesimulator/ALADDIN.build/swift-overrides.hmap -Xcc -iquote -Xcc /Users/sergejhlystov/Library/Developer/Xcode/DerivedData/ALADDIN-eahryzmutvtbyceygnlyjsmiiaha/Build/Intermediates.noindex/ALADDIN.build/Debug-iphonesimulator/ALADDIN.build/ALADDIN-generated-files.hmap -Xcc -I/Users/sergejhlystov/Library/Developer/Xcode/DerivedData/ALADDIN-eahryzmutvtbyceygnlyjsmiiaha/Build/Intermediates.noindex/ALADDIN.build/Debug-iphonesimulator/ALADDIN.build/ALADDIN-own-target-headers.hmap -Xcc -I/Users/sergejhlystov/Library/Developer/Xcode/DerivedData/ALADDIN-eahryzmutvtbyceygnlyjsmiiaha/Build/Intermediates.noindex/ALADDIN.build/Debug-iphonesimulator/ALADDIN.build/ALADDIN-all-target-headers.hmap -Xcc -iquote -Xcc /Users/sergejhlystov/Library/Developer/Xcode/DerivedData/ALADDIN-eahryzmutvtbyceygnlyjsmiiaha/Build/Intermediates.noindex/ALADDIN.build/Debug-iphonesimulator/ALADDIN.build/ALADDIN-project-headers.hmap -Xcc -I/Users/sergejhlystov/Library/Developer/Xcode/DerivedData/ALADDIN-eahryzmutvtbyceygnlyjsmiiaha/Build/Products/Debug-iphonesimulator/include -Xcc -I/Users/sergejhlystov/Library/Developer/Xcode/DerivedData/ALADDIN-eahryzmutvtbyceygnlyjsmiiaha/Build/Intermediates.noindex/ALADDIN.build/Debug-iphonesimulator/ALADDIN.build/DerivedSources-normal/x86_64 -Xcc -I/Users/sergejhlystov/Library/Developer/Xcode/DerivedData/ALADDIN-eahryzmutvtbyceygnlyjsmiiaha/Build/Intermediates.noindex/ALADDIN.build/Debug-iphonesimulator/ALADDIN.build/DerivedSources/x86_64 -Xcc -I/Users/sergejhlystov/Library/Developer/Xcode/DerivedData/ALADDIN-eahryzmutvtbyceygnlyjsmiiaha/Build/Intermediates.noindex/ALADDIN.build/Debug-iphonesimulator/ALADDIN.build/DerivedSources -Xcc -DDEBUG\=1 -module-name ALADDIN -target-sdk-version 15.2.0 -o /Users/sergejhlystov/Library/Developer/Xcode/DerivedData/ALADDIN-eahryzmutvtbyceygnlyjsmiiaha/Build/Intermediates.noindex/ALADDIN.build/Debug-iphonesimulator/ALADDIN.build/Objects-normal/x86_64/InvitationCodeInputModal.o -o /Users/sergejhlystov/Library/Developer/Xcode/DerivedData/ALADDIN-eahryzmutvtbyceygnlyjsmiiaha/Build/Intermediates.noindex/ALADDIN.build/Debug-iphonesimulator/ALADDIN.build/Objects-normal/x86_64/MessageActionsMenu.o -o /Users/sergejhlystov/Library/Developer/Xcode/DerivedData/ALADDIN-eahryzmutvtbyceygnlyjsmiiaha/Build/Intermediates.noindex/ALADDIN.build/Debug-iphonesimulator/ALADDIN.build/Objects-normal/x86_64/Spacing.o -o /Users/sergejhlystov/Library/Developer/Xcode/DerivedData/ALADDIN-eahryzmutvtbyceygnlyjsmiiaha/Build/Intermediates.noindex/ALADDIN.build/Debug-iphonesimulator/ALADDIN.build/Objects-normal/x86_64/RecoveryOptionsModal.o -o /Users/sergejhlystov/Library/Developer/Xcode/DerivedData/ALADDIN-eahryzmutvtbyceygnlyjsmiiaha/Build/Intermediates.noindex/ALADDIN.build/Debug-iphonesimulator/ALADDIN.build/Objects-normal/x86_64/ShareSheet.o -o /Users/sergejhlystov/Library/Developer/Xcode/DerivedData/ALADDIN-eahryzmutvtbyceygnlyjsmiiaha/Build/Intermediates.noindex/ALADDIN.build/Debug-iphonesimulator/ALADDIN.build/Objects-normal/x86_64/TariffCard.o -o /Users/sergejhlystov/Library/Developer/Xcode/DerivedData/ALADDIN-eahryzmutvtbyceygnlyjsmiiaha/Build/Intermediates.noindex/ALADDIN.build/Debug-iphonesimulator/ALADDIN.build/Objects-normal/x86_64/SettingsViewModel.o -o /Users/sergejhlystov/Library/Developer/Xcode/DerivedData/ALADDIN-eahryzmutvtbyceygnlyjsmiiaha/Build/Intermediates.noindex/ALADDIN.build/Debug-iphonesimulator/ALADDIN.build/Objects-normal/x86_64/VoiceRecordingView.o -o /Users/sergejhlystov/Library/Developer/Xcode/DerivedData/ALADDIN-eahryzmutvtbyceygnlyjsmiiaha/Build/Intermediates.noindex/ALADDIN.build/Debug-iphonesimulator/ALADDIN.build/Objects-normal/x86_64/InfoRow.o -o /Users/sergejhlystov/Library/Developer/Xcode/DerivedData/ALADDIN-eahryzmutvtbyceygnlyjsmiiaha/Build/Intermediates.noindex/ALADDIN.build/Debug-iphonesimulator/ALADDIN.build/Objects-normal/x86_64/25_PaymentQRScreen.o -o /Users/sergejhlystov/Library/Developer/Xcode/DerivedData/ALADDIN-eahryzmutvtbyceygnlyjsmiiaha/Build/Intermediates.noindex/ALADDIN.build/Debug-iphonesimulator/ALADDIN.build/Objects-normal/x86_64/RoleSelectionModal.o -o /Users/sergejhlystov/Library/Developer/Xcode/DerivedData/ALADDIN-eahryzmutvtbyceygnlyjsmiiaha/Build/Intermediates.noindex/ALADDIN.build/Debug-iphonesimulator/ALADDIN.build/Objects-normal/x86_64/ProtectionLevelExplanationModal.o -o /Users/sergejhlystov/Library/Developer/Xcode/DerivedData/ALADDIN-eahryzmutvtbyceygnlyjsmiiaha/Build/Intermediates.noindex/ALADDIN.build/Debug-iphonesimulator/ALADDIN.build/Objects-normal/x86_64/ProtectionLevelHistoryModal.o -o /Users/sergejhlystov/Library/Developer/Xcode/DerivedData/ALADDIN-eahryzmutvtbyceygnlyjsmiiaha/Build/Intermediates.noindex/ALADDIN.build/Debug-iphonesimulator/ALADDIN.build/Objects-normal/x86_64/RecoveryCodeModal.o -o /Users/sergejhlystov/Library/Developer/Xcode/DerivedData/ALADDIN-eahryzmutvtbyceygnlyjsmiiaha/Build/Intermediates.noindex/ALADDIN.build/Debug-iphonesimulator/ALADDIN.build/Objects-normal/x86_64/SupportViewModel.o -o /Users/sergejhlystov/Library/Developer/Xcode/DerivedData/ALADDIN-eahryzmutvtbyceygnlyjsmiiaha/Build/Intermediates.noindex/ALADDIN.build/Debug-iphonesimulator/ALADDIN.build/Objects-normal/x86_64/MessageReactionsView.o -o /Users/sergejhlystov/Library/Developer/Xcode/DerivedData/ALADDIN-eahryzmutvtbyceygnlyjsmiiaha/Build/Intermediates.noindex/ALADDIN.build/Debug-iphonesimulator/ALADDIN.build/Objects-normal/x86_64/ChildInterfaceViewModel.o -o /Users/sergejhlystov/Library/Developer/Xcode/DerivedData/ALADDIN-eahryzmutvtbyceygnlyjsmiiaha/Build/Intermediates.noindex/ALADDIN.build/Debug-iphonesimulator/ALADDIN.build/Objects-normal/x86_64/12_NotificationsScreen.o -o /Users/sergejhlystov/Library/Developer/Xcode/DerivedData/ALADDIN-eahryzmutvtbyceygnlyjsmiiaha/Build/Intermediates.noindex/ALADDIN.build/Debug-iphonesimulator/ALADDIN.build/Objects-normal/x86_64/VoiceMessageBubble.o -o /Users/sergejhlystov/Library/Developer/Xcode/DerivedData/ALADDIN-eahryzmutvtbyceygnlyjsmiiaha/Build/Intermediates.noindex/ALADDIN.build/Debug-iphonesimulator/ALADDIN.build/Objects-normal/x86_64/ElderlyInterfaceViewModel.o -o /Users/sergejhlystov/Library/Developer/Xcode/DerivedData/ALADDIN-eahryzmutvtbyceygnlyjsmiiaha/Build/Intermediates.noindex/ALADDIN.build/Debug-iphonesimulator/ALADDIN.build/Objects-normal/x86_64/AnalyticsViewModel.o -index-store-path /Users/sergejhlystov/Library/Developer/Xcode/DerivedData/ALADDIN-eahryzmutvtbyceygnlyjsmiiaha/Index/DataStore -index-system-modules

** BUILD FAILED **


The following build commands failed:
	SwiftDriverJob-Compile normal x86_64 Compiling\ ChildRewardsSettingsModal.swift,\ APIModels.swift,\ NetworkProtectionManager.swift,\ UnicornPetView.swift,\ APIService.swift,\ 18_PrivacyPolicyScreen.swift,\ 10_TariffsScreen.swift,\ 09_ElderlyInterfaceScreen.swift,\ 11_ProfileScreen.swift,\ NetworkManager.swift,\ 19_TermsOfServiceScreen.swift,\ AppConfig.swift,\ FamilyViewModel.swift,\ AIAssistantViewModel.swift,\ 22_DeviceDetailScreen.swift,\ WidgetConfigurationScreen.swift,\ FamilyChatWebSocket.swift,\ SecurityEducationScreen.swift,\ KeychainManager.swift,\ MemberStatsModalView.swift,\ AddMemberOptionsModal.swift /Users/sergejhlystov/ALADDIN_NEW/ALADDIN_NEW/mobile_apps/ALADDIN_iOS/Components/Modals/ChildRewardsSettingsModal.swift /Users/sergejhlystov/ALADDIN_NEW/ALADDIN_NEW/mobile_apps/ALADDIN_iOS/Core/Models/APIModels.swift /Users/sergejhlystov/ALADDIN_NEW/ALADDIN_NEW/mobile_apps/ALADDIN_iOS/Core/NetworkProtection/NetworkProtectionManager.swift /Users/sergejhlystov/ALADDIN_NEW/ALADDIN_NEW/mobile_apps/ALADDIN_iOS/Screens/UnicornPetView.swift /Users/sergejhlystov/ALADDIN_NEW/ALADDIN_NEW/mobile_apps/ALADDIN_iOS/Core/Network/APIService.swift /Users/sergejhlystov/ALADDIN_NEW/ALADDIN_NEW/mobile_apps/ALADDIN_iOS/Screens/18_PrivacyPolicyScreen.swift /Users/sergejhlystov/ALADDIN_NEW/ALADDIN_NEW/mobile_apps/ALADDIN_iOS/Screens/10_TariffsScreen.swift /Users/sergejhlystov/ALADDIN_NEW/ALADDIN_NEW/mobile_apps/ALADDIN_iOS/Screens/09_ElderlyInterfaceScreen.swift /Users/sergejhlystov/ALADDIN_NEW/ALADDIN_NEW/mobile_apps/ALADDIN_iOS/Screens/11_ProfileScreen.swift /Users/sergejhlystov/ALADDIN_NEW/ALADDIN_NEW/mobile_apps/ALADDIN_iOS/Core/Network/NetworkManager.swift /Users/sergejhlystov/ALADDIN_NEW/ALADDIN_NEW/mobile_apps/ALADDIN_iOS/Screens/19_TermsOfServiceScreen.swift /Users/sergejhlystov/ALADDIN_NEW/ALADDIN_NEW/mobile_apps/ALADDIN_iOS/Core/Config/AppConfig.swift /Users/sergejhlystov/ALADDIN_NEW/ALADDIN_NEW/mobile_apps/ALADDIN_iOS/ViewModels/FamilyViewModel.swift /Users/sergejhlystov/ALADDIN_NEW/ALADDIN_NEW/mobile_apps/ALADDIN_iOS/ViewModels/AIAssistantViewModel.swift /Users/sergejhlystov/ALADDIN_NEW/ALADDIN_NEW/mobile_apps/ALADDIN_iOS/Screens/22_DeviceDetailScreen.swift /Users/sergejhlystov/ALADDIN_NEW/ALADDIN_NEW/mobile_apps/ALADDIN_iOS/Screens/WidgetConfigurationScreen.swift /Users/sergejhlystov/ALADDIN_NEW/ALADDIN_NEW/mobile_apps/ALADDIN_iOS/Core/Network/FamilyChatWebSocket.swift /Users/sergejhlystov/ALADDIN_NEW/ALADDIN_NEW/mobile_apps/ALADDIN_iOS/Screens/SecurityEducationScreen.swift /Users/sergejhlystov/ALADDIN_NEW/ALADDIN_NEW/mobile_apps/ALADDIN_iOS/Core/Security/KeychainManager.swift /Users/sergejhlystov/ALADDIN_NEW/ALADDIN_NEW/mobile_apps/ALADDIN_iOS/Shared/Components/Modals/MemberStatsModalView.swift /Users/sergejhlystov/ALADDIN_NEW/ALADDIN_NEW/mobile_apps/ALADDIN_iOS/Shared/Components/Modals/AddMemberOptionsModal.swift (in target 'ALADDIN' from project 'ALADDIN')
	SwiftDriverJob-Compile normal x86_64 Compiling\ BackupRecoveryModal.swift,\ RewardsModalView.swift,\ 23_FamilyChatScreen.swift,\ StorageManager.swift,\ 02_FamilyScreen.swift,\ 20_DevicesScreen.swift,\ SecondaryButton.swift,\ EnhancedThreatCategoryCard.swift,\ ViewModifiers.swift,\ CollapsibleSection.swift,\ HapticFeedback.swift,\ MainScreenWithRegistration.swift,\ NetworkError.swift,\ LanguageSettingsScreen.swift,\ FamilyRegistrationViewModel.swift,\ ParentalControlFeature.swift,\ CornerRadius.swift,\ 01_MainScreen.swift,\ 03_NetworkProtectionScreen.swift,\ FamilyTournamentView.swift,\ FamilyProtectorView.swift /Users/sergejhlystov/ALADDIN_NEW/ALADDIN_NEW/mobile_apps/ALADDIN_iOS/Shared/Components/Modals/BackupRecoveryModal.swift /Users/sergejhlystov/ALADDIN_NEW/ALADDIN_NEW/mobile_apps/ALADDIN_iOS/Screens/RewardsModalView.swift /Users/sergejhlystov/ALADDIN_NEW/ALADDIN_NEW/mobile_apps/ALADDIN_iOS/Screens/23_FamilyChatScreen.swift /Users/sergejhlystov/ALADDIN_NEW/ALADDIN_NEW/mobile_apps/ALADDIN_iOS/Core/Storage/StorageManager.swift /Users/sergejhlystov/ALADDIN_NEW/ALADDIN_NEW/mobile_apps/ALADDIN_iOS/Screens/02_FamilyScreen.swift /Users/sergejhlystov/ALADDIN_NEW/ALADDIN_NEW/mobile_apps/ALADDIN_iOS/Screens/20_DevicesScreen.swift /Users/sergejhlystov/ALADDIN_NEW/ALADDIN_NEW/mobile_apps/ALADDIN_iOS/Shared/Components/Buttons/SecondaryButton.swift /Users/sergejhlystov/ALADDIN_NEW/ALADDIN_NEW/mobile_apps/ALADDIN_iOS/Components/EnhancedThreatCategoryCard.swift /Users/sergejhlystov/ALADDIN_NEW/ALADDIN_NEW/mobile_apps/ALADDIN_iOS/Shared/Components/ViewModifiers.swift /Users/sergejhlystov/ALADDIN_NEW/ALADDIN_NEW/mobile_apps/ALADDIN_iOS/Shared/Components/CollapsibleSection.swift /Users/sergejhlystov/ALADDIN_NEW/ALADDIN_NEW/mobile_apps/ALADDIN_iOS/Shared/Components/HapticFeedback.swift /Users/sergejhlystov/ALADDIN_NEW/ALADDIN_NEW/mobile_apps/ALADDIN_iOS/Screens/MainScreenWithRegistration.swift /Users/sergejhlystov/ALADDIN_NEW/ALADDIN_NEW/mobile_apps/ALADDIN_iOS/Core/Network/NetworkError.swift /Users/sergejhlystov/ALADDIN_NEW/ALADDIN_NEW/mobile_apps/ALADDIN_iOS/Screens/LanguageSettingsScreen.swift /Users/sergejhlystov/ALADDIN_NEW/ALADDIN_NEW/mobile_apps/ALADDIN_iOS/ViewModels/FamilyRegistrationViewModel.swift /Users/sergejhlystov/ALADDIN_NEW/ALADDIN_NEW/mobile_apps/ALADDIN_iOS/Shared/Models/ParentalControlFeature.swift /Users/sergejhlystov/ALADDIN_NEW/ALADDIN_NEW/mobile_apps/ALADDIN_iOS/Shared/Styles/CornerRadius.swift /Users/sergejhlystov/ALADDIN_NEW/ALADDIN_NEW/mobile_apps/ALADDIN_iOS/Screens/01_MainScreen.swift /Users/sergejhlystov/ALADDIN_NEW/ALADDIN_NEW/mobile_apps/ALADDIN_iOS/Screens/03_NetworkProtectionScreen.swift /Users/sergejhlystov/ALADDIN_NEW/ALADDIN_NEW/mobile_apps/ALADDIN_iOS/Screens/FamilyTournamentView.swift /Users/sergejhlystov/ALADDIN_NEW/ALADDIN_NEW/mobile_apps/ALADDIN_iOS/Screens/FamilyProtectorView.swift (in target 'ALADDIN' from project 'ALADDIN')
(2 failures)
