{
  "current": {
    "timestamp": "2025-09-21T22:32:25.975751",
    "cpu_percent": 11.0,
    "memory_percent": 68.7,
    "memory_used_mb": 7492.35546875,
    "memory_available_mb": 5132.875,
    "disk_usage_percent": 4.5,
    "network_bytes_sent": 1481621098,
    "network_bytes_recv": 3658330133,
    "active_threads": 8,
    "load_average": [
      4.35302734375,
      4.21337890625,
      4.25146484375
    ],
    "python_processes": 2,
    "log_files_size_mb": 4.064267158508301
  },
  "statistics": {
    "avg_cpu_percent": 15.371428571428572,
    "avg_memory_percent": 69.22857142857143,
    "max_cpu_percent": 22.6,
    "max_memory_percent": 70.2,
    "total_alerts": 0,
    "monitoring_duration_minutes": 3.5
  },
  "alerts": [],
  "recommendations": [
    "✅ Система работает в нормальном режиме"
  ]
}